image_patch,mask_patch,label,fold,ela,root_dir
images/NC2016_0994.png,masks/NC2016_0994.png,1,0,ela/NC2016_0994_ela.jpg,NIST16v2
images/NC2016_4867.png,masks/NC2016_4867.png,1,0,ela/NC2016_4867_ela.jpg,NIST16v2
images/NC2016_2649.png,masks/NC2016_2649.png,1,0,ela/NC2016_2649_ela.jpg,NIST16v2
images/NC2016_1720.png,masks/NC2016_1720.png,1,0,ela/NC2016_1720_ela.jpg,NIST16v2
images/NC2016_0684.png,masks/NC2016_0684.png,1,0,ela/NC2016_0684_ela.jpg,NIST16v2
images/NC2016_3508.png,masks/NC2016_3508.png,1,0,ela/NC2016_3508_ela.jpg,NIST16v2
images/NC2016_8754.png,masks/NC2016_8754.png,1,0,ela/NC2016_8754_ela.jpg,NIST16v2
images/NC2016_1749.png,masks/NC2016_1749.png,1,0,ela/NC2016_1749_ela.jpg,NIST16v2
images/NC2016_1264.png,masks/NC2016_1264.png,1,0,ela/NC2016_1264_ela.jpg,NIST16v2
images/NC2016_5749.png,masks/NC2016_5749.png,1,0,ela/NC2016_5749_ela.jpg,NIST16v2
images/NC2016_7298.png,masks/NC2016_7298.png,1,0,ela/NC2016_7298_ela.jpg,NIST16v2
images/NC2016_1857.png,masks/NC2016_1857.png,1,0,ela/NC2016_1857_ela.jpg,NIST16v2
images/NC2016_3906.png,masks/NC2016_3906.png,1,0,ela/NC2016_3906_ela.jpg,NIST16v2
images/NC2016_8909.png,masks/NC2016_8909.png,1,0,ela/NC2016_8909_ela.jpg,NIST16v2
images/NC2016_6138.png,masks/NC2016_6138.png,1,0,ela/NC2016_6138_ela.jpg,NIST16v2
images/NC2016_5884.png,masks/NC2016_5884.png,1,0,ela/NC2016_5884_ela.jpg,NIST16v2
images/NC2016_3204.png,masks/NC2016_3204.png,1,0,ela/NC2016_3204_ela.jpg,NIST16v2
images/NC2016_0211.png,masks/NC2016_0211.png,1,0,ela/NC2016_0211_ela.jpg,NIST16v2
images/NC2016_8265.png,masks/NC2016_8265.png,1,0,ela/NC2016_8265_ela.jpg,NIST16v2
images/NC2016_7065.png,masks/NC2016_7065.png,1,0,ela/NC2016_7065_ela.jpg,NIST16v2
images/NC2016_6806.png,masks/NC2016_6806.png,1,0,ela/NC2016_6806_ela.jpg,NIST16v2
images/NC2016_9055.png,masks/NC2016_9055.png,1,0,ela/NC2016_9055_ela.jpg,NIST16v2
images/NC2016_3067.png,masks/NC2016_3067.png,1,0,ela/NC2016_3067_ela.jpg,NIST16v2
images/NC2016_4544.png,masks/NC2016_4544.png,1,0,ela/NC2016_4544_ela.jpg,NIST16v2
images/NC2016_9513.png,masks/NC2016_9513.png,1,0,ela/NC2016_9513_ela.jpg,NIST16v2
images/NC2016_1545.png,masks/NC2016_1545.png,1,0,ela/NC2016_1545_ela.jpg,NIST16v2
images/NC2016_6811.png,masks/NC2016_6811.png,1,0,ela/NC2016_6811_ela.jpg,NIST16v2
images/NC2016_5313.png,masks/NC2016_5313.png,1,0,ela/NC2016_5313_ela.jpg,NIST16v2
images/NC2016_4274.png,masks/NC2016_4274.png,1,0,ela/NC2016_4274_ela.jpg,NIST16v2
images/NC2016_7511.png,masks/NC2016_7511.png,1,0,ela/NC2016_7511_ela.jpg,NIST16v2
images/NC2016_6217.png,masks/NC2016_6217.png,1,0,ela/NC2016_6217_ela.jpg,NIST16v2
images/NC2016_9807.png,masks/NC2016_9807.png,1,0,ela/NC2016_9807_ela.jpg,NIST16v2
images/NC2016_3675.png,masks/NC2016_3675.png,1,0,ela/NC2016_3675_ela.jpg,NIST16v2
images/NC2016_7654.png,masks/NC2016_7654.png,1,0,ela/NC2016_7654_ela.jpg,NIST16v2
images/NC2016_1437.png,masks/NC2016_1437.png,1,0,ela/NC2016_1437_ela.jpg,NIST16v2
images/NC2016_0286.png,masks/NC2016_0286.png,1,0,ela/NC2016_0286_ela.jpg,NIST16v2
images/NC2016_0758.png,masks/NC2016_0758.png,1,0,ela/NC2016_0758_ela.jpg,NIST16v2
images/NC2016_4219.png,masks/NC2016_4219.png,1,0,ela/NC2016_4219_ela.jpg,NIST16v2
images/NC2016_0293.png,masks/NC2016_0293.png,1,0,ela/NC2016_0293_ela.jpg,NIST16v2
images/NC2016_2606.png,masks/NC2016_2606.png,1,0,ela/NC2016_2606_ela.jpg,NIST16v2
images/NC2016_9191.png,masks/NC2016_9191.png,1,0,ela/NC2016_9191_ela.jpg,NIST16v2
images/NC2016_5937.png,masks/NC2016_5937.png,1,0,ela/NC2016_5937_ela.jpg,NIST16v2
images/NC2016_3397.png,masks/NC2016_3397.png,1,0,ela/NC2016_3397_ela.jpg,NIST16v2
images/NC2016_1986.png,masks/NC2016_1986.png,1,0,ela/NC2016_1986_ela.jpg,NIST16v2
images/NC2016_3692.png,masks/NC2016_3692.png,1,0,ela/NC2016_3692_ela.jpg,NIST16v2
images/NC2016_7539.png,masks/NC2016_7539.png,1,0,ela/NC2016_7539_ela.jpg,NIST16v2
images/NC2016_5345.png,masks/NC2016_5345.png,1,0,ela/NC2016_5345_ela.jpg,NIST16v2
images/NC2016_3207.png,masks/NC2016_3207.png,1,0,ela/NC2016_3207_ela.jpg,NIST16v2
images/NC2016_8127.png,masks/NC2016_8127.png,1,0,ela/NC2016_8127_ela.jpg,NIST16v2
images/NC2016_4327.png,masks/NC2016_4327.png,1,0,ela/NC2016_4327_ela.jpg,NIST16v2
images/NC2016_1755.png,masks/NC2016_1755.png,1,0,ela/NC2016_1755_ela.jpg,NIST16v2
images/NC2016_6233.png,masks/NC2016_6233.png,1,0,ela/NC2016_6233_ela.jpg,NIST16v2
images/NC2016_3854.png,masks/NC2016_3854.png,1,0,ela/NC2016_3854_ela.jpg,NIST16v2
images/NC2016_7666.png,masks/NC2016_7666.png,1,0,ela/NC2016_7666_ela.jpg,NIST16v2
images/NC2016_0766.png,masks/NC2016_0766.png,1,0,ela/NC2016_0766_ela.jpg,NIST16v2
images/NC2016_5702.png,masks/NC2016_5702.png,1,0,ela/NC2016_5702_ela.jpg,NIST16v2
images/NC2016_9109.png,masks/NC2016_9109.png,1,0,ela/NC2016_9109_ela.jpg,NIST16v2
images/NC2016_9073.png,masks/NC2016_9073.png,1,0,ela/NC2016_9073_ela.jpg,NIST16v2
images/NC2016_3001.png,masks/NC2016_3001.png,1,0,ela/NC2016_3001_ela.jpg,NIST16v2
images/NC2016_0278.png,masks/NC2016_0278.png,1,0,ela/NC2016_0278_ela.jpg,NIST16v2
images/NC2016_5781.png,masks/NC2016_5781.png,1,0,ela/NC2016_5781_ela.jpg,NIST16v2
images/NC2016_7095.png,masks/NC2016_7095.png,1,0,ela/NC2016_7095_ela.jpg,NIST16v2
images/NC2016_5196.png,masks/NC2016_5196.png,1,0,ela/NC2016_5196_ela.jpg,NIST16v2
images/NC2016_6634.png,masks/NC2016_6634.png,1,0,ela/NC2016_6634_ela.jpg,NIST16v2
images/NC2016_1868.png,masks/NC2016_1868.png,1,0,ela/NC2016_1868_ela.jpg,NIST16v2
images/NC2016_9962.png,masks/NC2016_9962.png,1,0,ela/NC2016_9962_ela.jpg,NIST16v2
images/NC2016_1332.png,masks/NC2016_1332.png,1,0,ela/NC2016_1332_ela.jpg,NIST16v2
images/NC2016_6412.png,masks/NC2016_6412.png,1,0,ela/NC2016_6412_ela.jpg,NIST16v2
images/NC2016_9402.png,masks/NC2016_9402.png,1,0,ela/NC2016_9402_ela.jpg,NIST16v2
images/NC2016_7344.png,masks/NC2016_7344.png,1,0,ela/NC2016_7344_ela.jpg,NIST16v2
images/NC2016_9347.png,masks/NC2016_9347.png,1,0,ela/NC2016_9347_ela.jpg,NIST16v2
images/NC2016_0589.png,masks/NC2016_0589.png,1,0,ela/NC2016_0589_ela.jpg,NIST16v2
images/NC2016_9994.png,masks/NC2016_9994.png,1,0,ela/NC2016_9994_ela.jpg,NIST16v2
images/NC2016_5444.png,masks/NC2016_5444.png,1,0,ela/NC2016_5444_ela.jpg,NIST16v2
images/NC2016_4940.png,masks/NC2016_4940.png,1,0,ela/NC2016_4940_ela.jpg,NIST16v2
images/NC2016_1825.png,masks/NC2016_1825.png,1,0,ela/NC2016_1825_ela.jpg,NIST16v2
images/NC2016_1814.png,masks/NC2016_1814.png,1,0,ela/NC2016_1814_ela.jpg,NIST16v2
images/NC2016_7953.png,masks/NC2016_7953.png,1,0,ela/NC2016_7953_ela.jpg,NIST16v2
images/NC2016_4053.png,masks/NC2016_4053.png,1,0,ela/NC2016_4053_ela.jpg,NIST16v2
images/NC2016_0313.png,masks/NC2016_0313.png,1,0,ela/NC2016_0313_ela.jpg,NIST16v2
images/NC2016_2618.png,masks/NC2016_2618.png,1,1,ela/NC2016_2618_ela.jpg,NIST16v2
images/NC2016_8236.png,masks/NC2016_8236.png,1,1,ela/NC2016_8236_ela.jpg,NIST16v2
images/NC2016_1759.png,masks/NC2016_1759.png,1,1,ela/NC2016_1759_ela.jpg,NIST16v2
images/NC2016_6572.png,masks/NC2016_6572.png,1,1,ela/NC2016_6572_ela.jpg,NIST16v2
images/NC2016_6002.png,masks/NC2016_6002.png,1,1,ela/NC2016_6002_ela.jpg,NIST16v2
images/NC2016_5048.png,masks/NC2016_5048.png,1,1,ela/NC2016_5048_ela.jpg,NIST16v2
images/NC2016_1396.png,masks/NC2016_1396.png,1,1,ela/NC2016_1396_ela.jpg,NIST16v2
images/NC2016_7398.png,masks/NC2016_7398.png,1,1,ela/NC2016_7398_ela.jpg,NIST16v2
images/NC2016_7025.png,masks/NC2016_7025.png,1,1,ela/NC2016_7025_ela.jpg,NIST16v2
images/NC2016_7759.png,masks/NC2016_7759.png,1,1,ela/NC2016_7759_ela.jpg,NIST16v2
images/NC2016_2666.png,masks/NC2016_2666.png,1,1,ela/NC2016_2666_ela.jpg,NIST16v2
images/NC2016_3850.png,masks/NC2016_3850.png,1,1,ela/NC2016_3850_ela.jpg,NIST16v2
images/NC2016_8183.png,masks/NC2016_8183.png,1,1,ela/NC2016_8183_ela.jpg,NIST16v2
images/NC2016_4512.png,masks/NC2016_4512.png,1,1,ela/NC2016_4512_ela.jpg,NIST16v2
images/NC2016_1094.png,masks/NC2016_1094.png,1,1,ela/NC2016_1094_ela.jpg,NIST16v2
images/NC2016_7504.png,masks/NC2016_7504.png,1,1,ela/NC2016_7504_ela.jpg,NIST16v2
images/NC2016_2487.png,masks/NC2016_2487.png,1,1,ela/NC2016_2487_ela.jpg,NIST16v2
images/NC2016_3707.png,masks/NC2016_3707.png,1,1,ela/NC2016_3707_ela.jpg,NIST16v2
images/NC2016_9653.png,masks/NC2016_9653.png,1,1,ela/NC2016_9653_ela.jpg,NIST16v2
images/NC2016_2255.png,masks/NC2016_2255.png,1,1,ela/NC2016_2255_ela.jpg,NIST16v2
images/NC2016_5321.png,masks/NC2016_5321.png,1,1,ela/NC2016_5321_ela.jpg,NIST16v2
images/NC2016_3382.png,masks/NC2016_3382.png,1,1,ela/NC2016_3382_ela.jpg,NIST16v2
images/NC2016_1213.png,masks/NC2016_1213.png,1,1,ela/NC2016_1213_ela.jpg,NIST16v2
images/NC2016_8618.png,masks/NC2016_8618.png,1,1,ela/NC2016_8618_ela.jpg,NIST16v2
images/NC2016_9462.png,masks/NC2016_9462.png,1,1,ela/NC2016_9462_ela.jpg,NIST16v2
images/NC2016_4730.png,masks/NC2016_4730.png,1,1,ela/NC2016_4730_ela.jpg,NIST16v2
images/NC2016_0963.png,masks/NC2016_0963.png,1,1,ela/NC2016_0963_ela.jpg,NIST16v2
images/NC2016_5343.png,masks/NC2016_5343.png,1,1,ela/NC2016_5343_ela.jpg,NIST16v2
images/NC2016_3911.png,masks/NC2016_3911.png,1,1,ela/NC2016_3911_ela.jpg,NIST16v2
images/NC2016_3577.png,masks/NC2016_3577.png,1,1,ela/NC2016_3577_ela.jpg,NIST16v2
images/NC2016_7152.png,masks/NC2016_7152.png,1,1,ela/NC2016_7152_ela.jpg,NIST16v2
images/NC2016_2624.png,masks/NC2016_2624.png,1,1,ela/NC2016_2624_ela.jpg,NIST16v2
images/NC2016_1633.png,masks/NC2016_1633.png,1,1,ela/NC2016_1633_ela.jpg,NIST16v2
images/NC2016_5604.png,masks/NC2016_5604.png,1,1,ela/NC2016_5604_ela.jpg,NIST16v2
images/NC2016_2438.png,masks/NC2016_2438.png,1,1,ela/NC2016_2438_ela.jpg,NIST16v2
images/NC2016_9176.png,masks/NC2016_9176.png,1,1,ela/NC2016_9176_ela.jpg,NIST16v2
images/NC2016_1255.png,masks/NC2016_1255.png,1,1,ela/NC2016_1255_ela.jpg,NIST16v2
images/NC2016_4837.png,masks/NC2016_4837.png,1,1,ela/NC2016_4837_ela.jpg,NIST16v2
images/NC2016_6619.png,masks/NC2016_6619.png,1,1,ela/NC2016_6619_ela.jpg,NIST16v2
images/NC2016_5131.png,masks/NC2016_5131.png,1,1,ela/NC2016_5131_ela.jpg,NIST16v2
images/NC2016_0484.png,masks/NC2016_0484.png,1,1,ela/NC2016_0484_ela.jpg,NIST16v2
images/NC2016_2492.png,masks/NC2016_2492.png,1,1,ela/NC2016_2492_ela.jpg,NIST16v2
images/NC2016_2550.png,masks/NC2016_2550.png,1,1,ela/NC2016_2550_ela.jpg,NIST16v2
images/NC2016_9463.png,masks/NC2016_9463.png,1,1,ela/NC2016_9463_ela.jpg,NIST16v2
images/NC2016_4161.png,masks/NC2016_4161.png,1,1,ela/NC2016_4161_ela.jpg,NIST16v2
images/NC2016_3832.png,masks/NC2016_3832.png,1,1,ela/NC2016_3832_ela.jpg,NIST16v2
images/NC2016_7956.png,masks/NC2016_7956.png,1,1,ela/NC2016_7956_ela.jpg,NIST16v2
images/NC2016_4427.png,masks/NC2016_4427.png,1,1,ela/NC2016_4427_ela.jpg,NIST16v2
images/NC2016_7691.png,masks/NC2016_7691.png,1,1,ela/NC2016_7691_ela.jpg,NIST16v2
images/NC2016_9091.png,masks/NC2016_9091.png,1,1,ela/NC2016_9091_ela.jpg,NIST16v2
images/NC2016_3680.png,masks/NC2016_3680.png,1,1,ela/NC2016_3680_ela.jpg,NIST16v2
images/NC2016_2942.png,masks/NC2016_2942.png,1,1,ela/NC2016_2942_ela.jpg,NIST16v2
images/NC2016_2835.png,masks/NC2016_2835.png,1,1,ela/NC2016_2835_ela.jpg,NIST16v2
images/NC2016_6880.png,masks/NC2016_6880.png,1,1,ela/NC2016_6880_ela.jpg,NIST16v2
images/NC2016_7023.png,masks/NC2016_7023.png,1,1,ela/NC2016_7023_ela.jpg,NIST16v2
images/NC2016_6817.png,masks/NC2016_6817.png,1,1,ela/NC2016_6817_ela.jpg,NIST16v2
images/NC2016_9241.png,masks/NC2016_9241.png,1,1,ela/NC2016_9241_ela.jpg,NIST16v2
images/NC2016_9691.png,masks/NC2016_9691.png,1,1,ela/NC2016_9691_ela.jpg,NIST16v2
images/NC2016_2144.png,masks/NC2016_2144.png,1,1,ela/NC2016_2144_ela.jpg,NIST16v2
images/NC2016_0527.png,masks/NC2016_0527.png,1,1,ela/NC2016_0527_ela.jpg,NIST16v2
images/NC2016_9904.png,masks/NC2016_9904.png,1,1,ela/NC2016_9904_ela.jpg,NIST16v2
images/NC2016_6640.png,masks/NC2016_6640.png,1,1,ela/NC2016_6640_ela.jpg,NIST16v2
images/NC2016_0800.png,masks/NC2016_0800.png,1,1,ela/NC2016_0800_ela.jpg,NIST16v2
images/NC2016_6969.png,masks/NC2016_6969.png,1,1,ela/NC2016_6969_ela.jpg,NIST16v2
images/NC2016_4437.png,masks/NC2016_4437.png,1,1,ela/NC2016_4437_ela.jpg,NIST16v2
images/NC2016_6326.png,masks/NC2016_6326.png,1,1,ela/NC2016_6326_ela.jpg,NIST16v2
images/NC2016_3595.png,masks/NC2016_3595.png,1,1,ela/NC2016_3595_ela.jpg,NIST16v2
images/NC2016_1571.png,masks/NC2016_1571.png,1,1,ela/NC2016_1571_ela.jpg,NIST16v2
images/NC2016_9381.png,masks/NC2016_9381.png,1,1,ela/NC2016_9381_ela.jpg,NIST16v2
images/NC2016_2858.png,masks/NC2016_2858.png,1,1,ela/NC2016_2858_ela.jpg,NIST16v2
images/NC2016_1987.png,masks/NC2016_1987.png,1,1,ela/NC2016_1987_ela.jpg,NIST16v2
images/NC2016_0942.png,masks/NC2016_0942.png,1,1,ela/NC2016_0942_ela.jpg,NIST16v2
images/NC2016_3868.png,masks/NC2016_3868.png,1,1,ela/NC2016_3868_ela.jpg,NIST16v2
images/NC2016_0459.png,masks/NC2016_0459.png,1,1,ela/NC2016_0459_ela.jpg,NIST16v2
images/NC2016_8065.png,masks/NC2016_8065.png,1,1,ela/NC2016_8065_ela.jpg,NIST16v2
images/NC2016_7881.png,masks/NC2016_7881.png,1,1,ela/NC2016_7881_ela.jpg,NIST16v2
images/NC2016_7048.png,masks/NC2016_7048.png,1,1,ela/NC2016_7048_ela.jpg,NIST16v2
images/NC2016_9541.png,masks/NC2016_9541.png,1,1,ela/NC2016_9541_ela.jpg,NIST16v2
images/NC2016_1933.png,masks/NC2016_1933.png,1,1,ela/NC2016_1933_ela.jpg,NIST16v2
images/NC2016_2202.png,masks/NC2016_2202.png,1,1,ela/NC2016_2202_ela.jpg,NIST16v2
images/NC2016_1917.png,masks/NC2016_1917.png,1,2,ela/NC2016_1917_ela.jpg,NIST16v2
images/NC2016_8796.png,masks/NC2016_8796.png,1,2,ela/NC2016_8796_ela.jpg,NIST16v2
images/NC2016_2802.png,masks/NC2016_2802.png,1,2,ela/NC2016_2802_ela.jpg,NIST16v2
images/NC2016_3253.png,masks/NC2016_3253.png,1,2,ela/NC2016_3253_ela.jpg,NIST16v2
images/NC2016_7563.png,masks/NC2016_7563.png,1,2,ela/NC2016_7563_ela.jpg,NIST16v2
images/NC2016_3601.png,masks/NC2016_3601.png,1,2,ela/NC2016_3601_ela.jpg,NIST16v2
images/NC2016_8266.png,masks/NC2016_8266.png,1,2,ela/NC2016_8266_ela.jpg,NIST16v2
images/NC2016_8814.png,masks/NC2016_8814.png,1,2,ela/NC2016_8814_ela.jpg,NIST16v2
images/NC2016_4621.png,masks/NC2016_4621.png,1,2,ela/NC2016_4621_ela.jpg,NIST16v2
images/NC2016_0408.png,masks/NC2016_0408.png,1,2,ela/NC2016_0408_ela.jpg,NIST16v2
images/NC2016_4188.png,masks/NC2016_4188.png,1,2,ela/NC2016_4188_ela.jpg,NIST16v2
images/NC2016_2372.png,masks/NC2016_2372.png,1,2,ela/NC2016_2372_ela.jpg,NIST16v2
images/NC2016_8517.png,masks/NC2016_8517.png,1,2,ela/NC2016_8517_ela.jpg,NIST16v2
images/NC2016_2621.png,masks/NC2016_2621.png,1,2,ela/NC2016_2621_ela.jpg,NIST16v2
images/NC2016_1433.png,masks/NC2016_1433.png,1,2,ela/NC2016_1433_ela.jpg,NIST16v2
images/NC2016_8500.png,masks/NC2016_8500.png,1,2,ela/NC2016_8500_ela.jpg,NIST16v2
images/NC2016_1217.png,masks/NC2016_1217.png,1,2,ela/NC2016_1217_ela.jpg,NIST16v2
images/NC2016_0016.png,masks/NC2016_0016.png,1,2,ela/NC2016_0016_ela.jpg,NIST16v2
images/NC2016_7865.png,masks/NC2016_7865.png,1,2,ela/NC2016_7865_ela.jpg,NIST16v2
images/NC2016_4232.png,masks/NC2016_4232.png,1,2,ela/NC2016_4232_ela.jpg,NIST16v2
images/NC2016_9628.png,masks/NC2016_9628.png,1,2,ela/NC2016_9628_ela.jpg,NIST16v2
images/NC2016_0587.png,masks/NC2016_0587.png,1,2,ela/NC2016_0587_ela.jpg,NIST16v2
images/NC2016_6757.png,masks/NC2016_6757.png,1,2,ela/NC2016_6757_ela.jpg,NIST16v2
images/NC2016_7894.png,masks/NC2016_7894.png,1,2,ela/NC2016_7894_ela.jpg,NIST16v2
images/NC2016_6426.png,masks/NC2016_6426.png,1,2,ela/NC2016_6426_ela.jpg,NIST16v2
images/NC2016_2722.png,masks/NC2016_2722.png,1,2,ela/NC2016_2722_ela.jpg,NIST16v2
images/NC2016_4507.png,masks/NC2016_4507.png,1,2,ela/NC2016_4507_ela.jpg,NIST16v2
images/NC2016_6495.png,masks/NC2016_6495.png,1,2,ela/NC2016_6495_ela.jpg,NIST16v2
images/NC2016_7067.png,masks/NC2016_7067.png,1,2,ela/NC2016_7067_ela.jpg,NIST16v2
images/NC2016_6607.png,masks/NC2016_6607.png,1,2,ela/NC2016_6607_ela.jpg,NIST16v2
images/NC2016_4009.png,masks/NC2016_4009.png,1,2,ela/NC2016_4009_ela.jpg,NIST16v2
images/NC2016_2304.png,masks/NC2016_2304.png,1,2,ela/NC2016_2304_ela.jpg,NIST16v2
images/NC2016_4192.png,masks/NC2016_4192.png,1,2,ela/NC2016_4192_ela.jpg,NIST16v2
images/NC2016_4586.png,masks/NC2016_4586.png,1,2,ela/NC2016_4586_ela.jpg,NIST16v2
images/NC2016_6796.png,masks/NC2016_6796.png,1,2,ela/NC2016_6796_ela.jpg,NIST16v2
images/NC2016_2126.png,masks/NC2016_2126.png,1,2,ela/NC2016_2126_ela.jpg,NIST16v2
images/NC2016_4699.png,masks/NC2016_4699.png,1,2,ela/NC2016_4699_ela.jpg,NIST16v2
images/NC2016_1777.png,masks/NC2016_1777.png,1,2,ela/NC2016_1777_ela.jpg,NIST16v2
images/NC2016_5921.png,masks/NC2016_5921.png,1,2,ela/NC2016_5921_ela.jpg,NIST16v2
images/NC2016_4166.png,masks/NC2016_4166.png,1,2,ela/NC2016_4166_ela.jpg,NIST16v2
images/NC2016_9009.png,masks/NC2016_9009.png,1,2,ela/NC2016_9009_ela.jpg,NIST16v2
images/NC2016_0444.png,masks/NC2016_0444.png,1,2,ela/NC2016_0444_ela.jpg,NIST16v2
images/NC2016_8736.png,masks/NC2016_8736.png,1,2,ela/NC2016_8736_ela.jpg,NIST16v2
images/NC2016_4432.png,masks/NC2016_4432.png,1,2,ela/NC2016_4432_ela.jpg,NIST16v2
images/NC2016_0674.png,masks/NC2016_0674.png,1,2,ela/NC2016_0674_ela.jpg,NIST16v2
images/NC2016_5218.png,masks/NC2016_5218.png,1,2,ela/NC2016_5218_ela.jpg,NIST16v2
images/NC2016_4901.png,masks/NC2016_4901.png,1,2,ela/NC2016_4901_ela.jpg,NIST16v2
images/NC2016_4363.png,masks/NC2016_4363.png,1,2,ela/NC2016_4363_ela.jpg,NIST16v2
images/NC2016_0796.png,masks/NC2016_0796.png,1,2,ela/NC2016_0796_ela.jpg,NIST16v2
images/NC2016_5847.png,masks/NC2016_5847.png,1,2,ela/NC2016_5847_ela.jpg,NIST16v2
images/NC2016_6438.png,masks/NC2016_6438.png,1,2,ela/NC2016_6438_ela.jpg,NIST16v2
images/NC2016_8253.png,masks/NC2016_8253.png,1,2,ela/NC2016_8253_ela.jpg,NIST16v2
images/NC2016_2812.png,masks/NC2016_2812.png,1,2,ela/NC2016_2812_ela.jpg,NIST16v2
images/NC2016_9112.png,masks/NC2016_9112.png,1,2,ela/NC2016_9112_ela.jpg,NIST16v2
images/NC2016_9818.png,masks/NC2016_9818.png,1,2,ela/NC2016_9818_ela.jpg,NIST16v2
images/NC2016_3059.png,masks/NC2016_3059.png,1,2,ela/NC2016_3059_ela.jpg,NIST16v2
images/NC2016_4463.png,masks/NC2016_4463.png,1,2,ela/NC2016_4463_ela.jpg,NIST16v2
images/NC2016_4571.png,masks/NC2016_4571.png,1,2,ela/NC2016_4571_ela.jpg,NIST16v2
images/NC2016_7489.png,masks/NC2016_7489.png,1,2,ela/NC2016_7489_ela.jpg,NIST16v2
images/NC2016_4145.png,masks/NC2016_4145.png,1,2,ela/NC2016_4145_ela.jpg,NIST16v2
images/NC2016_3660.png,masks/NC2016_3660.png,1,2,ela/NC2016_3660_ela.jpg,NIST16v2
images/NC2016_5739.png,masks/NC2016_5739.png,1,2,ela/NC2016_5739_ela.jpg,NIST16v2
images/NC2016_8629.png,masks/NC2016_8629.png,1,2,ela/NC2016_8629_ela.jpg,NIST16v2
images/NC2016_4228.png,masks/NC2016_4228.png,1,2,ela/NC2016_4228_ela.jpg,NIST16v2
images/NC2016_4190.png,masks/NC2016_4190.png,1,2,ela/NC2016_4190_ela.jpg,NIST16v2
images/NC2016_4326.png,masks/NC2016_4326.png,1,2,ela/NC2016_4326_ela.jpg,NIST16v2
images/NC2016_5943.png,masks/NC2016_5943.png,1,2,ela/NC2016_5943_ela.jpg,NIST16v2
images/NC2016_8581.png,masks/NC2016_8581.png,1,2,ela/NC2016_8581_ela.jpg,NIST16v2
images/NC2016_3491.png,masks/NC2016_3491.png,1,2,ela/NC2016_3491_ela.jpg,NIST16v2
images/NC2016_1758.png,masks/NC2016_1758.png,1,2,ela/NC2016_1758_ela.jpg,NIST16v2
images/NC2016_6673.png,masks/NC2016_6673.png,1,2,ela/NC2016_6673_ela.jpg,NIST16v2
images/NC2016_5397.png,masks/NC2016_5397.png,1,2,ela/NC2016_5397_ela.jpg,NIST16v2
images/NC2016_6651.png,masks/NC2016_6651.png,1,2,ela/NC2016_6651_ela.jpg,NIST16v2
images/NC2016_2296.png,masks/NC2016_2296.png,1,2,ela/NC2016_2296_ela.jpg,NIST16v2
images/NC2016_4896.png,masks/NC2016_4896.png,1,2,ela/NC2016_4896_ela.jpg,NIST16v2
images/NC2016_0887.png,masks/NC2016_0887.png,1,2,ela/NC2016_0887_ela.jpg,NIST16v2
images/NC2016_1141.png,masks/NC2016_1141.png,1,2,ela/NC2016_1141_ela.jpg,NIST16v2
images/NC2016_5887.png,masks/NC2016_5887.png,1,2,ela/NC2016_5887_ela.jpg,NIST16v2
images/NC2016_9759.png,masks/NC2016_9759.png,1,2,ela/NC2016_9759_ela.jpg,NIST16v2
images/NC2016_0222.png,masks/NC2016_0222.png,1,2,ela/NC2016_0222_ela.jpg,NIST16v2
images/NC2016_8091.png,masks/NC2016_8091.png,1,3,ela/NC2016_8091_ela.jpg,NIST16v2
images/NC2016_7890.png,masks/NC2016_7890.png,1,3,ela/NC2016_7890_ela.jpg,NIST16v2
images/NC2016_2300.png,masks/NC2016_2300.png,1,3,ela/NC2016_2300_ela.jpg,NIST16v2
images/NC2016_4604.png,masks/NC2016_4604.png,1,3,ela/NC2016_4604_ela.jpg,NIST16v2
images/NC2016_5512.png,masks/NC2016_5512.png,1,3,ela/NC2016_5512_ela.jpg,NIST16v2
images/NC2016_9014.png,masks/NC2016_9014.png,1,3,ela/NC2016_9014_ela.jpg,NIST16v2
images/NC2016_9573.png,masks/NC2016_9573.png,1,3,ela/NC2016_9573_ela.jpg,NIST16v2
images/NC2016_6116.png,masks/NC2016_6116.png,1,3,ela/NC2016_6116_ela.jpg,NIST16v2
images/NC2016_0625.png,masks/NC2016_0625.png,1,3,ela/NC2016_0625_ela.jpg,NIST16v2
images/NC2016_1379.png,masks/NC2016_1379.png,1,3,ela/NC2016_1379_ela.jpg,NIST16v2
images/NC2016_7146.png,masks/NC2016_7146.png,1,3,ela/NC2016_7146_ela.jpg,NIST16v2
images/NC2016_9445.png,masks/NC2016_9445.png,1,3,ela/NC2016_9445_ela.jpg,NIST16v2
images/NC2016_1873.png,masks/NC2016_1873.png,1,3,ela/NC2016_1873_ela.jpg,NIST16v2
images/NC2016_4399.png,masks/NC2016_4399.png,1,3,ela/NC2016_4399_ela.jpg,NIST16v2
images/NC2016_1572.png,masks/NC2016_1572.png,1,3,ela/NC2016_1572_ela.jpg,NIST16v2
images/NC2016_8720.png,masks/NC2016_8720.png,1,3,ela/NC2016_8720_ela.jpg,NIST16v2
images/NC2016_7580.png,masks/NC2016_7580.png,1,3,ela/NC2016_7580_ela.jpg,NIST16v2
images/NC2016_8769.png,masks/NC2016_8769.png,1,3,ela/NC2016_8769_ela.jpg,NIST16v2
images/NC2016_8148.png,masks/NC2016_8148.png,1,3,ela/NC2016_8148_ela.jpg,NIST16v2
images/NC2016_9235.png,masks/NC2016_9235.png,1,3,ela/NC2016_9235_ela.jpg,NIST16v2
images/NC2016_5809.png,masks/NC2016_5809.png,1,3,ela/NC2016_5809_ela.jpg,NIST16v2
images/NC2016_7356.png,masks/NC2016_7356.png,1,3,ela/NC2016_7356_ela.jpg,NIST16v2
images/NC2016_1879.png,masks/NC2016_1879.png,1,3,ela/NC2016_1879_ela.jpg,NIST16v2
images/NC2016_6142.png,masks/NC2016_6142.png,1,3,ela/NC2016_6142_ela.jpg,NIST16v2
images/NC2016_2512.png,masks/NC2016_2512.png,1,3,ela/NC2016_2512_ela.jpg,NIST16v2
images/NC2016_0289.png,masks/NC2016_0289.png,1,3,ela/NC2016_0289_ela.jpg,NIST16v2
images/NC2016_7126.png,masks/NC2016_7126.png,1,3,ela/NC2016_7126_ela.jpg,NIST16v2
images/NC2016_7878.png,masks/NC2016_7878.png,1,3,ela/NC2016_7878_ela.jpg,NIST16v2
images/NC2016_0957.png,masks/NC2016_0957.png,1,3,ela/NC2016_0957_ela.jpg,NIST16v2
images/NC2016_4049.png,masks/NC2016_4049.png,1,3,ela/NC2016_4049_ela.jpg,NIST16v2
images/NC2016_8965.png,masks/NC2016_8965.png,1,3,ela/NC2016_8965_ela.jpg,NIST16v2
images/NC2016_6518.png,masks/NC2016_6518.png,1,3,ela/NC2016_6518_ela.jpg,NIST16v2
images/NC2016_2398.png,masks/NC2016_2398.png,1,3,ela/NC2016_2398_ela.jpg,NIST16v2
images/NC2016_9186.png,masks/NC2016_9186.png,1,3,ela/NC2016_9186_ela.jpg,NIST16v2
images/NC2016_4937.png,masks/NC2016_4937.png,1,3,ela/NC2016_4937_ela.jpg,NIST16v2
images/NC2016_3953.png,masks/NC2016_3953.png,1,3,ela/NC2016_3953_ela.jpg,NIST16v2
images/NC2016_5442.png,masks/NC2016_5442.png,1,3,ela/NC2016_5442_ela.jpg,NIST16v2
images/NC2016_0394.png,masks/NC2016_0394.png,1,3,ela/NC2016_0394_ela.jpg,NIST16v2
images/NC2016_0571.png,masks/NC2016_0571.png,1,3,ela/NC2016_0571_ela.jpg,NIST16v2
images/NC2016_7437.png,masks/NC2016_7437.png,1,3,ela/NC2016_7437_ela.jpg,NIST16v2
images/NC2016_4717.png,masks/NC2016_4717.png,1,3,ela/NC2016_4717_ela.jpg,NIST16v2
images/NC2016_4956.png,masks/NC2016_4956.png,1,3,ela/NC2016_4956_ela.jpg,NIST16v2
images/NC2016_3666.png,masks/NC2016_3666.png,1,3,ela/NC2016_3666_ela.jpg,NIST16v2
images/NC2016_1103.png,masks/NC2016_1103.png,1,3,ela/NC2016_1103_ela.jpg,NIST16v2
images/NC2016_9415.png,masks/NC2016_9415.png,1,3,ela/NC2016_9415_ela.jpg,NIST16v2
images/NC2016_2080.png,masks/NC2016_2080.png,1,3,ela/NC2016_2080_ela.jpg,NIST16v2
images/NC2016_7420.png,masks/NC2016_7420.png,1,3,ela/NC2016_7420_ela.jpg,NIST16v2
images/NC2016_5240.png,masks/NC2016_5240.png,1,3,ela/NC2016_5240_ela.jpg,NIST16v2
images/NC2016_7312.png,masks/NC2016_7312.png,1,3,ela/NC2016_7312_ela.jpg,NIST16v2
images/NC2016_1804.png,masks/NC2016_1804.png,1,3,ela/NC2016_1804_ela.jpg,NIST16v2
images/NC2016_5307.png,masks/NC2016_5307.png,1,3,ela/NC2016_5307_ela.jpg,NIST16v2
images/NC2016_0202.png,masks/NC2016_0202.png,1,3,ela/NC2016_0202_ela.jpg,NIST16v2
images/NC2016_3004.png,masks/NC2016_3004.png,1,3,ela/NC2016_3004_ela.jpg,NIST16v2
images/NC2016_4498.png,masks/NC2016_4498.png,1,3,ela/NC2016_4498_ela.jpg,NIST16v2
images/NC2016_4434.png,masks/NC2016_4434.png,1,3,ela/NC2016_4434_ela.jpg,NIST16v2
images/NC2016_4962.png,masks/NC2016_4962.png,1,3,ela/NC2016_4962_ela.jpg,NIST16v2
images/NC2016_7572.png,masks/NC2016_7572.png,1,3,ela/NC2016_7572_ela.jpg,NIST16v2
images/NC2016_7872.png,masks/NC2016_7872.png,1,3,ela/NC2016_7872_ela.jpg,NIST16v2
images/NC2016_7564.png,masks/NC2016_7564.png,1,3,ela/NC2016_7564_ela.jpg,NIST16v2
images/NC2016_7989.png,masks/NC2016_7989.png,1,3,ela/NC2016_7989_ela.jpg,NIST16v2
images/NC2016_3432.png,masks/NC2016_3432.png,1,3,ela/NC2016_3432_ela.jpg,NIST16v2
images/NC2016_4503.png,masks/NC2016_4503.png,1,3,ela/NC2016_4503_ela.jpg,NIST16v2
images/NC2016_4936.png,masks/NC2016_4936.png,1,3,ela/NC2016_4936_ela.jpg,NIST16v2
images/NC2016_6391.png,masks/NC2016_6391.png,1,3,ela/NC2016_6391_ela.jpg,NIST16v2
images/NC2016_0481.png,masks/NC2016_0481.png,1,3,ela/NC2016_0481_ela.jpg,NIST16v2
images/NC2016_5042.png,masks/NC2016_5042.png,1,3,ela/NC2016_5042_ela.jpg,NIST16v2
images/NC2016_3195.png,masks/NC2016_3195.png,1,3,ela/NC2016_3195_ela.jpg,NIST16v2
images/NC2016_2051.png,masks/NC2016_2051.png,1,3,ela/NC2016_2051_ela.jpg,NIST16v2
images/NC2016_3732.png,masks/NC2016_3732.png,1,3,ela/NC2016_3732_ela.jpg,NIST16v2
images/NC2016_6238.png,masks/NC2016_6238.png,1,3,ela/NC2016_6238_ela.jpg,NIST16v2
images/NC2016_9984.png,masks/NC2016_9984.png,1,3,ela/NC2016_9984_ela.jpg,NIST16v2
images/NC2016_1944.png,masks/NC2016_1944.png,1,3,ela/NC2016_1944_ela.jpg,NIST16v2
images/NC2016_6069.png,masks/NC2016_6069.png,1,3,ela/NC2016_6069_ela.jpg,NIST16v2
images/NC2016_2027.png,masks/NC2016_2027.png,1,3,ela/NC2016_2027_ela.jpg,NIST16v2
images/NC2016_4428.png,masks/NC2016_4428.png,1,3,ela/NC2016_4428_ela.jpg,NIST16v2
images/NC2016_1728.png,masks/NC2016_1728.png,1,3,ela/NC2016_1728_ela.jpg,NIST16v2
images/NC2016_9272.png,masks/NC2016_9272.png,1,3,ela/NC2016_9272_ela.jpg,NIST16v2
images/NC2016_9651.png,masks/NC2016_9651.png,1,3,ela/NC2016_9651_ela.jpg,NIST16v2
images/NC2016_3042.png,masks/NC2016_3042.png,1,3,ela/NC2016_3042_ela.jpg,NIST16v2
images/NC2016_9257.png,masks/NC2016_9257.png,1,3,ela/NC2016_9257_ela.jpg,NIST16v2
images/NC2016_4301.png,masks/NC2016_4301.png,1,4,ela/NC2016_4301_ela.jpg,NIST16v2
images/NC2016_0229.png,masks/NC2016_0229.png,1,4,ela/NC2016_0229_ela.jpg,NIST16v2
images/NC2016_3312.png,masks/NC2016_3312.png,1,4,ela/NC2016_3312_ela.jpg,NIST16v2
images/NC2016_6343.png,masks/NC2016_6343.png,1,4,ela/NC2016_6343_ela.jpg,NIST16v2
images/NC2016_5270.png,masks/NC2016_5270.png,1,4,ela/NC2016_5270_ela.jpg,NIST16v2
images/NC2016_7094.png,masks/NC2016_7094.png,1,4,ela/NC2016_7094_ela.jpg,NIST16v2
images/NC2016_4543.png,masks/NC2016_4543.png,1,4,ela/NC2016_4543_ela.jpg,NIST16v2
images/NC2016_7747.png,masks/NC2016_7747.png,1,4,ela/NC2016_7747_ela.jpg,NIST16v2
images/NC2016_5290.png,masks/NC2016_5290.png,1,4,ela/NC2016_5290_ela.jpg,NIST16v2
images/NC2016_3563.png,masks/NC2016_3563.png,1,4,ela/NC2016_3563_ela.jpg,NIST16v2
images/NC2016_9647.png,masks/NC2016_9647.png,1,4,ela/NC2016_9647_ela.jpg,NIST16v2
images/NC2016_6565.png,masks/NC2016_6565.png,1,4,ela/NC2016_6565_ela.jpg,NIST16v2
images/NC2016_2167.png,masks/NC2016_2167.png,1,4,ela/NC2016_2167_ela.jpg,NIST16v2
images/NC2016_6479.png,masks/NC2016_6479.png,1,4,ela/NC2016_6479_ela.jpg,NIST16v2
images/NC2016_5892.png,masks/NC2016_5892.png,1,4,ela/NC2016_5892_ela.jpg,NIST16v2
images/NC2016_7338.png,masks/NC2016_7338.png,1,4,ela/NC2016_7338_ela.jpg,NIST16v2
images/NC2016_6519.png,masks/NC2016_6519.png,1,4,ela/NC2016_6519_ela.jpg,NIST16v2
images/NC2016_3010.png,masks/NC2016_3010.png,1,4,ela/NC2016_3010_ela.jpg,NIST16v2
images/NC2016_1125.png,masks/NC2016_1125.png,1,4,ela/NC2016_1125_ela.jpg,NIST16v2
images/NC2016_3389.png,masks/NC2016_3389.png,1,4,ela/NC2016_3389_ela.jpg,NIST16v2
images/NC2016_9811.png,masks/NC2016_9811.png,1,4,ela/NC2016_9811_ela.jpg,NIST16v2
images/NC2016_4360.png,masks/NC2016_4360.png,1,4,ela/NC2016_4360_ela.jpg,NIST16v2
images/NC2016_0280.png,masks/NC2016_0280.png,1,4,ela/NC2016_0280_ela.jpg,NIST16v2
images/NC2016_7429.png,masks/NC2016_7429.png,1,4,ela/NC2016_7429_ela.jpg,NIST16v2
images/NC2016_0569.png,masks/NC2016_0569.png,1,4,ela/NC2016_0569_ela.jpg,NIST16v2
images/NC2016_7262.png,masks/NC2016_7262.png,1,4,ela/NC2016_7262_ela.jpg,NIST16v2
images/NC2016_2772.png,masks/NC2016_2772.png,1,4,ela/NC2016_2772_ela.jpg,NIST16v2
images/NC2016_7561.png,masks/NC2016_7561.png,1,4,ela/NC2016_7561_ela.jpg,NIST16v2
images/NC2016_4651.png,masks/NC2016_4651.png,1,4,ela/NC2016_4651_ela.jpg,NIST16v2
images/NC2016_9173.png,masks/NC2016_9173.png,1,4,ela/NC2016_9173_ela.jpg,NIST16v2
images/NC2016_1475.png,masks/NC2016_1475.png,1,4,ela/NC2016_1475_ela.jpg,NIST16v2
images/NC2016_7752.png,masks/NC2016_7752.png,1,4,ela/NC2016_7752_ela.jpg,NIST16v2
images/NC2016_3335.png,masks/NC2016_3335.png,1,4,ela/NC2016_3335_ela.jpg,NIST16v2
images/NC2016_7352.png,masks/NC2016_7352.png,1,4,ela/NC2016_7352_ela.jpg,NIST16v2
images/NC2016_6309.png,masks/NC2016_6309.png,1,4,ela/NC2016_6309_ela.jpg,NIST16v2
images/NC2016_6910.png,masks/NC2016_6910.png,1,4,ela/NC2016_6910_ela.jpg,NIST16v2
images/NC2016_6725.png,masks/NC2016_6725.png,1,4,ela/NC2016_6725_ela.jpg,NIST16v2
images/NC2016_8457.png,masks/NC2016_8457.png,1,4,ela/NC2016_8457_ela.jpg,NIST16v2
images/NC2016_6487.png,masks/NC2016_6487.png,1,4,ela/NC2016_6487_ela.jpg,NIST16v2
images/NC2016_8411.png,masks/NC2016_8411.png,1,4,ela/NC2016_8411_ela.jpg,NIST16v2
images/NC2016_2305.png,masks/NC2016_2305.png,1,4,ela/NC2016_2305_ela.jpg,NIST16v2
images/NC2016_4076.png,masks/NC2016_4076.png,1,4,ela/NC2016_4076_ela.jpg,NIST16v2
images/NC2016_5182.png,masks/NC2016_5182.png,1,4,ela/NC2016_5182_ela.jpg,NIST16v2
images/NC2016_6260.png,masks/NC2016_6260.png,1,4,ela/NC2016_6260_ela.jpg,NIST16v2
images/NC2016_5645.png,masks/NC2016_5645.png,1,4,ela/NC2016_5645_ela.jpg,NIST16v2
images/NC2016_1148.png,masks/NC2016_1148.png,1,4,ela/NC2016_1148_ela.jpg,NIST16v2
images/NC2016_1299.png,masks/NC2016_1299.png,1,4,ela/NC2016_1299_ela.jpg,NIST16v2
images/NC2016_6450.png,masks/NC2016_6450.png,1,4,ela/NC2016_6450_ela.jpg,NIST16v2
images/NC2016_1555.png,masks/NC2016_1555.png,1,4,ela/NC2016_1555_ela.jpg,NIST16v2
images/NC2016_3612.png,masks/NC2016_3612.png,1,4,ela/NC2016_3612_ela.jpg,NIST16v2
images/NC2016_5257.png,masks/NC2016_5257.png,1,4,ela/NC2016_5257_ela.jpg,NIST16v2
images/NC2016_1513.png,masks/NC2016_1513.png,1,4,ela/NC2016_1513_ela.jpg,NIST16v2
images/NC2016_3801.png,masks/NC2016_3801.png,1,4,ela/NC2016_3801_ela.jpg,NIST16v2
images/NC2016_8738.png,masks/NC2016_8738.png,1,4,ela/NC2016_8738_ela.jpg,NIST16v2
images/NC2016_9437.png,masks/NC2016_9437.png,1,4,ela/NC2016_9437_ela.jpg,NIST16v2
images/NC2016_5446.png,masks/NC2016_5446.png,1,4,ela/NC2016_5446_ela.jpg,NIST16v2
images/NC2016_1946.png,masks/NC2016_1946.png,1,4,ela/NC2016_1946_ela.jpg,NIST16v2
images/NC2016_6011.png,masks/NC2016_6011.png,1,4,ela/NC2016_6011_ela.jpg,NIST16v2
images/NC2016_7214.png,masks/NC2016_7214.png,1,4,ela/NC2016_7214_ela.jpg,NIST16v2
images/NC2016_7652.png,masks/NC2016_7652.png,1,4,ela/NC2016_7652_ela.jpg,NIST16v2
images/NC2016_6555.png,masks/NC2016_6555.png,1,4,ela/NC2016_6555_ela.jpg,NIST16v2
images/NC2016_2023.png,masks/NC2016_2023.png,1,4,ela/NC2016_2023_ela.jpg,NIST16v2
images/NC2016_5597.png,masks/NC2016_5597.png,1,4,ela/NC2016_5597_ela.jpg,NIST16v2
images/NC2016_2564.png,masks/NC2016_2564.png,1,4,ela/NC2016_2564_ela.jpg,NIST16v2
images/NC2016_2907.png,masks/NC2016_2907.png,1,4,ela/NC2016_2907_ela.jpg,NIST16v2
images/NC2016_4487.png,masks/NC2016_4487.png,1,4,ela/NC2016_4487_ela.jpg,NIST16v2
images/NC2016_6505.png,masks/NC2016_6505.png,1,4,ela/NC2016_6505_ela.jpg,NIST16v2
images/NC2016_8900.png,masks/NC2016_8900.png,1,4,ela/NC2016_8900_ela.jpg,NIST16v2
images/NC2016_5211.png,masks/NC2016_5211.png,1,4,ela/NC2016_5211_ela.jpg,NIST16v2
images/NC2016_3829.png,masks/NC2016_3829.png,1,4,ela/NC2016_3829_ela.jpg,NIST16v2
images/NC2016_2354.png,masks/NC2016_2354.png,1,4,ela/NC2016_2354_ela.jpg,NIST16v2
images/NC2016_9317.png,masks/NC2016_9317.png,1,4,ela/NC2016_9317_ela.jpg,NIST16v2
images/NC2016_4549.png,masks/NC2016_4549.png,1,4,ela/NC2016_4549_ela.jpg,NIST16v2
images/NC2016_0623.png,masks/NC2016_0623.png,1,4,ela/NC2016_0623_ela.jpg,NIST16v2
images/NC2016_4599.png,masks/NC2016_4599.png,1,4,ela/NC2016_4599_ela.jpg,NIST16v2
images/NC2016_0859.png,masks/NC2016_0859.png,1,4,ela/NC2016_0859_ela.jpg,NIST16v2
images/NC2016_8606.png,masks/NC2016_8606.png,1,4,ela/NC2016_8606_ela.jpg,NIST16v2
images/NC2016_8834.png,masks/NC2016_8834.png,1,4,ela/NC2016_8834_ela.jpg,NIST16v2
images/NC2016_8051.png,masks/NC2016_8051.png,1,4,ela/NC2016_8051_ela.jpg,NIST16v2
images/NC2016_4875.png,masks/NC2016_4875.png,1,4,ela/NC2016_4875_ela.jpg,NIST16v2
images/NC2016_1546.png,masks/NC2016_1546.png,1,5,ela/NC2016_1546_ela.jpg,NIST16v2
images/NC2016_1893.png,masks/NC2016_1893.png,1,5,ela/NC2016_1893_ela.jpg,NIST16v2
images/NC2016_4993.png,masks/NC2016_4993.png,1,5,ela/NC2016_4993_ela.jpg,NIST16v2
images/NC2016_5154.png,masks/NC2016_5154.png,1,5,ela/NC2016_5154_ela.jpg,NIST16v2
images/NC2016_3842.png,masks/NC2016_3842.png,1,5,ela/NC2016_3842_ela.jpg,NIST16v2
images/NC2016_6704.png,masks/NC2016_6704.png,1,5,ela/NC2016_6704_ela.jpg,NIST16v2
images/NC2016_2754.png,masks/NC2016_2754.png,1,5,ela/NC2016_2754_ela.jpg,NIST16v2
images/NC2016_0254.png,masks/NC2016_0254.png,1,5,ela/NC2016_0254_ela.jpg,NIST16v2
images/NC2016_4883.png,masks/NC2016_4883.png,1,5,ela/NC2016_4883_ela.jpg,NIST16v2
images/NC2016_3704.png,masks/NC2016_3704.png,1,5,ela/NC2016_3704_ela.jpg,NIST16v2
images/NC2016_4589.png,masks/NC2016_4589.png,1,5,ela/NC2016_4589_ela.jpg,NIST16v2
images/NC2016_3304.png,masks/NC2016_3304.png,1,5,ela/NC2016_3304_ela.jpg,NIST16v2
images/NC2016_5009.png,masks/NC2016_5009.png,1,5,ela/NC2016_5009_ela.jpg,NIST16v2
images/NC2016_6414.png,masks/NC2016_6414.png,1,5,ela/NC2016_6414_ela.jpg,NIST16v2
images/NC2016_7480.png,masks/NC2016_7480.png,1,5,ela/NC2016_7480_ela.jpg,NIST16v2
images/NC2016_6849.png,masks/NC2016_6849.png,1,5,ela/NC2016_6849_ela.jpg,NIST16v2
images/NC2016_9822.png,masks/NC2016_9822.png,1,5,ela/NC2016_9822_ela.jpg,NIST16v2
images/NC2016_2444.png,masks/NC2016_2444.png,1,5,ela/NC2016_2444_ela.jpg,NIST16v2
images/NC2016_7834.png,masks/NC2016_7834.png,1,5,ela/NC2016_7834_ela.jpg,NIST16v2
images/NC2016_1764.png,masks/NC2016_1764.png,1,5,ela/NC2016_1764_ela.jpg,NIST16v2
images/NC2016_7390.png,masks/NC2016_7390.png,1,5,ela/NC2016_7390_ela.jpg,NIST16v2
images/NC2016_6103.png,masks/NC2016_6103.png,1,5,ela/NC2016_6103_ela.jpg,NIST16v2
images/NC2016_6003.png,masks/NC2016_6003.png,1,5,ela/NC2016_6003_ela.jpg,NIST16v2
images/NC2016_6889.png,masks/NC2016_6889.png,1,5,ela/NC2016_6889_ela.jpg,NIST16v2
images/NC2016_0596.png,masks/NC2016_0596.png,1,5,ela/NC2016_0596_ela.jpg,NIST16v2
images/NC2016_1532.png,masks/NC2016_1532.png,1,5,ela/NC2016_1532_ela.jpg,NIST16v2
images/NC2016_6886.png,masks/NC2016_6886.png,1,5,ela/NC2016_6886_ela.jpg,NIST16v2
images/NC2016_3725.png,masks/NC2016_3725.png,1,5,ela/NC2016_3725_ela.jpg,NIST16v2
images/NC2016_9629.png,masks/NC2016_9629.png,1,5,ela/NC2016_9629_ela.jpg,NIST16v2
images/NC2016_2040.png,masks/NC2016_2040.png,1,5,ela/NC2016_2040_ela.jpg,NIST16v2
images/NC2016_2459.png,masks/NC2016_2459.png,1,5,ela/NC2016_2459_ela.jpg,NIST16v2
images/NC2016_6890.png,masks/NC2016_6890.png,1,5,ela/NC2016_6890_ela.jpg,NIST16v2
images/NC2016_1732.png,masks/NC2016_1732.png,1,5,ela/NC2016_1732_ela.jpg,NIST16v2
images/NC2016_2456.png,masks/NC2016_2456.png,1,5,ela/NC2016_2456_ela.jpg,NIST16v2
images/NC2016_3119.png,masks/NC2016_3119.png,1,5,ela/NC2016_3119_ela.jpg,NIST16v2
images/NC2016_0613.png,masks/NC2016_0613.png,1,5,ela/NC2016_0613_ela.jpg,NIST16v2
images/NC2016_5300.png,masks/NC2016_5300.png,1,5,ela/NC2016_5300_ela.jpg,NIST16v2
images/NC2016_6005.png,masks/NC2016_6005.png,1,5,ela/NC2016_6005_ela.jpg,NIST16v2
images/NC2016_8682.png,masks/NC2016_8682.png,1,5,ela/NC2016_8682_ela.jpg,NIST16v2
images/NC2016_5929.png,masks/NC2016_5929.png,1,5,ela/NC2016_5929_ela.jpg,NIST16v2
images/NC2016_6802.png,masks/NC2016_6802.png,1,5,ela/NC2016_6802_ela.jpg,NIST16v2
images/NC2016_7151.png,masks/NC2016_7151.png,1,5,ela/NC2016_7151_ela.jpg,NIST16v2
images/NC2016_1966.png,masks/NC2016_1966.png,1,5,ela/NC2016_1966_ela.jpg,NIST16v2
images/NC2016_1165.png,masks/NC2016_1165.png,1,5,ela/NC2016_1165_ela.jpg,NIST16v2
images/NC2016_6253.png,masks/NC2016_6253.png,1,5,ela/NC2016_6253_ela.jpg,NIST16v2
images/NC2016_9790.png,masks/NC2016_9790.png,1,5,ela/NC2016_9790_ela.jpg,NIST16v2
images/NC2016_7673.png,masks/NC2016_7673.png,1,5,ela/NC2016_7673_ela.jpg,NIST16v2
images/NC2016_0342.png,masks/NC2016_0342.png,1,5,ela/NC2016_0342_ela.jpg,NIST16v2
images/NC2016_6014.png,masks/NC2016_6014.png,1,5,ela/NC2016_6014_ela.jpg,NIST16v2
images/NC2016_1470.png,masks/NC2016_1470.png,1,5,ela/NC2016_1470_ela.jpg,NIST16v2
images/NC2016_7359.png,masks/NC2016_7359.png,1,5,ela/NC2016_7359_ela.jpg,NIST16v2
images/NC2016_6347.png,masks/NC2016_6347.png,1,5,ela/NC2016_6347_ela.jpg,NIST16v2
images/NC2016_9727.png,masks/NC2016_9727.png,1,5,ela/NC2016_9727_ela.jpg,NIST16v2
images/NC2016_8067.png,masks/NC2016_8067.png,1,5,ela/NC2016_8067_ela.jpg,NIST16v2
images/NC2016_9868.png,masks/NC2016_9868.png,1,5,ela/NC2016_9868_ela.jpg,NIST16v2
images/NC2016_3938.png,masks/NC2016_3938.png,1,5,ela/NC2016_3938_ela.jpg,NIST16v2
images/NC2016_2262.png,masks/NC2016_2262.png,1,5,ela/NC2016_2262_ela.jpg,NIST16v2
images/NC2016_5913.png,masks/NC2016_5913.png,1,5,ela/NC2016_5913_ela.jpg,NIST16v2
images/NC2016_0550.png,masks/NC2016_0550.png,1,5,ela/NC2016_0550_ela.jpg,NIST16v2
images/NC2016_6623.png,masks/NC2016_6623.png,1,5,ela/NC2016_6623_ela.jpg,NIST16v2
images/NC2016_7781.png,masks/NC2016_7781.png,1,5,ela/NC2016_7781_ela.jpg,NIST16v2
images/NC2016_2571.png,masks/NC2016_2571.png,1,5,ela/NC2016_2571_ela.jpg,NIST16v2
images/NC2016_1562.png,masks/NC2016_1562.png,1,5,ela/NC2016_1562_ela.jpg,NIST16v2
images/NC2016_0299.png,masks/NC2016_0299.png,1,5,ela/NC2016_0299_ela.jpg,NIST16v2
images/NC2016_1515.png,masks/NC2016_1515.png,1,5,ela/NC2016_1515_ela.jpg,NIST16v2
images/NC2016_0787.png,masks/NC2016_0787.png,1,5,ela/NC2016_0787_ela.jpg,NIST16v2
images/NC2016_0741.png,masks/NC2016_0741.png,1,5,ela/NC2016_0741_ela.jpg,NIST16v2
images/NC2016_4247.png,masks/NC2016_4247.png,1,5,ela/NC2016_4247_ela.jpg,NIST16v2
images/NC2016_4528.png,masks/NC2016_4528.png,1,5,ela/NC2016_4528_ela.jpg,NIST16v2
images/NC2016_0650.png,masks/NC2016_0650.png,1,5,ela/NC2016_0650_ela.jpg,NIST16v2
images/NC2016_2122.png,masks/NC2016_2122.png,1,5,ela/NC2016_2122_ela.jpg,NIST16v2
images/NC2016_5275.png,masks/NC2016_5275.png,1,5,ela/NC2016_5275_ela.jpg,NIST16v2
images/NC2016_9725.png,masks/NC2016_9725.png,1,5,ela/NC2016_9725_ela.jpg,NIST16v2
images/NC2016_8058.png,masks/NC2016_8058.png,1,5,ela/NC2016_8058_ela.jpg,NIST16v2
images/NC2016_5239.png,masks/NC2016_5239.png,1,5,ela/NC2016_5239_ela.jpg,NIST16v2
images/NC2016_7921.png,masks/NC2016_7921.png,1,5,ela/NC2016_7921_ela.jpg,NIST16v2
images/NC2016_7772.png,masks/NC2016_7772.png,1,5,ela/NC2016_7772_ela.jpg,NIST16v2
images/NC2016_3851.png,masks/NC2016_3851.png,1,5,ela/NC2016_3851_ela.jpg,NIST16v2
images/NC2016_0130.png,masks/NC2016_0130.png,1,5,ela/NC2016_0130_ela.jpg,NIST16v2
images/NC2016_8450.png,masks/NC2016_8450.png,1,5,ela/NC2016_8450_ela.jpg,NIST16v2
images/NC2016_3475.png,masks/NC2016_3475.png,1,6,ela/NC2016_3475_ela.jpg,NIST16v2
images/NC2016_5243.png,masks/NC2016_5243.png,1,6,ela/NC2016_5243_ela.jpg,NIST16v2
images/NC2016_3688.png,masks/NC2016_3688.png,1,6,ela/NC2016_3688_ela.jpg,NIST16v2
images/NC2016_6040.png,masks/NC2016_6040.png,1,6,ela/NC2016_6040_ela.jpg,NIST16v2
images/NC2016_4429.png,masks/NC2016_4429.png,1,6,ela/NC2016_4429_ela.jpg,NIST16v2
images/NC2016_1543.png,masks/NC2016_1543.png,1,6,ela/NC2016_1543_ela.jpg,NIST16v2
images/NC2016_3374.png,masks/NC2016_3374.png,1,6,ela/NC2016_3374_ela.jpg,NIST16v2
images/NC2016_3627.png,masks/NC2016_3627.png,1,6,ela/NC2016_3627_ela.jpg,NIST16v2
images/NC2016_0048.png,masks/NC2016_0048.png,1,6,ela/NC2016_0048_ela.jpg,NIST16v2
images/NC2016_5064.png,masks/NC2016_5064.png,1,6,ela/NC2016_5064_ela.jpg,NIST16v2
images/NC2016_0351.png,masks/NC2016_0351.png,1,6,ela/NC2016_0351_ela.jpg,NIST16v2
images/NC2016_0830.png,masks/NC2016_0830.png,1,6,ela/NC2016_0830_ela.jpg,NIST16v2
images/NC2016_6058.png,masks/NC2016_6058.png,1,6,ela/NC2016_6058_ela.jpg,NIST16v2
images/NC2016_6733.png,masks/NC2016_6733.png,1,6,ela/NC2016_6733_ela.jpg,NIST16v2
images/NC2016_5174.png,masks/NC2016_5174.png,1,6,ela/NC2016_5174_ela.jpg,NIST16v2
images/NC2016_3476.png,masks/NC2016_3476.png,1,6,ela/NC2016_3476_ela.jpg,NIST16v2
images/NC2016_0516.png,masks/NC2016_0516.png,1,6,ela/NC2016_0516_ela.jpg,NIST16v2
images/NC2016_1225.png,masks/NC2016_1225.png,1,6,ela/NC2016_1225_ela.jpg,NIST16v2
images/NC2016_9766.png,masks/NC2016_9766.png,1,6,ela/NC2016_9766_ela.jpg,NIST16v2
images/NC2016_1289.png,masks/NC2016_1289.png,1,6,ela/NC2016_1289_ela.jpg,NIST16v2
images/NC2016_1937.png,masks/NC2016_1937.png,1,6,ela/NC2016_1937_ela.jpg,NIST16v2
images/NC2016_7587.png,masks/NC2016_7587.png,1,6,ela/NC2016_7587_ela.jpg,NIST16v2
images/NC2016_4175.png,masks/NC2016_4175.png,1,6,ela/NC2016_4175_ela.jpg,NIST16v2
images/NC2016_3576.png,masks/NC2016_3576.png,1,6,ela/NC2016_3576_ela.jpg,NIST16v2
images/NC2016_4211.png,masks/NC2016_4211.png,1,6,ela/NC2016_4211_ela.jpg,NIST16v2
images/NC2016_9789.png,masks/NC2016_9789.png,1,6,ela/NC2016_9789_ela.jpg,NIST16v2
images/NC2016_4534.png,masks/NC2016_4534.png,1,6,ela/NC2016_4534_ela.jpg,NIST16v2
images/NC2016_0600.png,masks/NC2016_0600.png,1,6,ela/NC2016_0600_ela.jpg,NIST16v2
images/NC2016_0871.png,masks/NC2016_0871.png,1,6,ela/NC2016_0871_ela.jpg,NIST16v2
images/NC2016_2031.png,masks/NC2016_2031.png,1,6,ela/NC2016_2031_ela.jpg,NIST16v2
images/NC2016_8586.png,masks/NC2016_8586.png,1,6,ela/NC2016_8586_ela.jpg,NIST16v2
images/NC2016_9038.png,masks/NC2016_9038.png,1,6,ela/NC2016_9038_ela.jpg,NIST16v2
images/NC2016_1520.png,masks/NC2016_1520.png,1,6,ela/NC2016_1520_ela.jpg,NIST16v2
images/NC2016_8980.png,masks/NC2016_8980.png,1,6,ela/NC2016_8980_ela.jpg,NIST16v2
images/NC2016_7354.png,masks/NC2016_7354.png,1,6,ela/NC2016_7354_ela.jpg,NIST16v2
images/NC2016_9108.png,masks/NC2016_9108.png,1,6,ela/NC2016_9108_ela.jpg,NIST16v2
images/NC2016_7339.png,masks/NC2016_7339.png,1,6,ela/NC2016_7339_ela.jpg,NIST16v2
images/NC2016_0876.png,masks/NC2016_0876.png,1,6,ela/NC2016_0876_ela.jpg,NIST16v2
images/NC2016_5334.png,masks/NC2016_5334.png,1,6,ela/NC2016_5334_ela.jpg,NIST16v2
images/NC2016_7882.png,masks/NC2016_7882.png,1,6,ela/NC2016_7882_ela.jpg,NIST16v2
images/NC2016_2090.png,masks/NC2016_2090.png,1,6,ela/NC2016_2090_ela.jpg,NIST16v2
images/NC2016_3092.png,masks/NC2016_3092.png,1,6,ela/NC2016_3092_ela.jpg,NIST16v2
images/NC2016_8897.png,masks/NC2016_8897.png,1,6,ela/NC2016_8897_ela.jpg,NIST16v2
images/NC2016_5881.png,masks/NC2016_5881.png,1,6,ela/NC2016_5881_ela.jpg,NIST16v2
images/NC2016_2441.png,masks/NC2016_2441.png,1,6,ela/NC2016_2441_ela.jpg,NIST16v2
images/NC2016_2864.png,masks/NC2016_2864.png,1,6,ela/NC2016_2864_ela.jpg,NIST16v2
images/NC2016_9781.png,masks/NC2016_9781.png,1,6,ela/NC2016_9781_ela.jpg,NIST16v2
images/NC2016_1198.png,masks/NC2016_1198.png,1,6,ela/NC2016_1198_ela.jpg,NIST16v2
images/NC2016_1616.png,masks/NC2016_1616.png,1,6,ela/NC2016_1616_ela.jpg,NIST16v2
images/NC2016_6456.png,masks/NC2016_6456.png,1,6,ela/NC2016_6456_ela.jpg,NIST16v2
images/NC2016_7737.png,masks/NC2016_7737.png,1,6,ela/NC2016_7737_ela.jpg,NIST16v2
images/NC2016_9453.png,masks/NC2016_9453.png,1,6,ela/NC2016_9453_ela.jpg,NIST16v2
images/NC2016_6625.png,masks/NC2016_6625.png,1,6,ela/NC2016_6625_ela.jpg,NIST16v2
images/NC2016_8926.png,masks/NC2016_8926.png,1,6,ela/NC2016_8926_ela.jpg,NIST16v2
images/NC2016_1890.png,masks/NC2016_1890.png,1,6,ela/NC2016_1890_ela.jpg,NIST16v2
images/NC2016_8371.png,masks/NC2016_8371.png,1,6,ela/NC2016_8371_ela.jpg,NIST16v2
images/NC2016_0128.png,masks/NC2016_0128.png,1,6,ela/NC2016_0128_ela.jpg,NIST16v2
images/NC2016_4084.png,masks/NC2016_4084.png,1,6,ela/NC2016_4084_ela.jpg,NIST16v2
images/NC2016_4642.png,masks/NC2016_4642.png,1,6,ela/NC2016_4642_ela.jpg,NIST16v2
images/NC2016_2785.png,masks/NC2016_2785.png,1,6,ela/NC2016_2785_ela.jpg,NIST16v2
images/NC2016_3187.png,masks/NC2016_3187.png,1,6,ela/NC2016_3187_ela.jpg,NIST16v2
images/NC2016_4620.png,masks/NC2016_4620.png,1,6,ela/NC2016_4620_ela.jpg,NIST16v2
images/NC2016_8350.png,masks/NC2016_8350.png,1,6,ela/NC2016_8350_ela.jpg,NIST16v2
images/NC2016_2403.png,masks/NC2016_2403.png,1,6,ela/NC2016_2403_ela.jpg,NIST16v2
images/NC2016_6287.png,masks/NC2016_6287.png,1,6,ela/NC2016_6287_ela.jpg,NIST16v2
images/NC2016_4300.png,masks/NC2016_4300.png,1,6,ela/NC2016_4300_ela.jpg,NIST16v2
images/NC2016_8714.png,masks/NC2016_8714.png,1,6,ela/NC2016_8714_ela.jpg,NIST16v2
images/NC2016_4804.png,masks/NC2016_4804.png,1,6,ela/NC2016_4804_ela.jpg,NIST16v2
images/NC2016_1967.png,masks/NC2016_1967.png,1,6,ela/NC2016_1967_ela.jpg,NIST16v2
images/NC2016_6312.png,masks/NC2016_6312.png,1,6,ela/NC2016_6312_ela.jpg,NIST16v2
images/NC2016_4981.png,masks/NC2016_4981.png,1,6,ela/NC2016_4981_ela.jpg,NIST16v2
images/NC2016_2901.png,masks/NC2016_2901.png,1,6,ela/NC2016_2901_ela.jpg,NIST16v2
images/NC2016_6453.png,masks/NC2016_6453.png,1,6,ela/NC2016_6453_ela.jpg,NIST16v2
images/NC2016_9534.png,masks/NC2016_9534.png,1,6,ela/NC2016_9534_ela.jpg,NIST16v2
images/NC2016_0343.png,masks/NC2016_0343.png,1,6,ela/NC2016_0343_ela.jpg,NIST16v2
images/NC2016_6218.png,masks/NC2016_6218.png,1,6,ela/NC2016_6218_ela.jpg,NIST16v2
images/NC2016_6888.png,masks/NC2016_6888.png,1,6,ela/NC2016_6888_ela.jpg,NIST16v2
images/NC2016_1718.png,masks/NC2016_1718.png,1,6,ela/NC2016_1718_ela.jpg,NIST16v2
images/NC2016_9857.png,masks/NC2016_9857.png,1,6,ela/NC2016_9857_ela.jpg,NIST16v2
images/NC2016_6722.png,masks/NC2016_6722.png,1,6,ela/NC2016_6722_ela.jpg,NIST16v2
