image,mask,label
1c2ojm/c9con3s_0.png,1c2ojm/c9con3s_0_mask.png,1
1c2ojm/c9clhtf_0.png,1c2ojm/c9clhtf_0_mask.png,1
1c2ojm/1c2ojm_orig.png,,0
1c2ojm/c9coynw_0.png,1c2ojm/c9coynw_0_mask.png,1
1c2ojm/c9cm824_0.png,1c2ojm/c9cm824_0_mask.png,1
1c2ojm/c9chqo0_0.png,1c2ojm/c9chqo0_0_mask.png,1
1c2ojm/c9cpohz_0.png,1c2ojm/c9cpohz_0_mask.png,1
1c2ojm/c9clks3_0.png,1c2ojm/c9clks3_0_mask.png,1
1c2ojm/c9cofak_0.png,1c2ojm/c9cofak_0_mask.png,1
1c2ojm/c9cqfso_0.png,1c2ojm/c9cqfso_0_mask.png,1
1c2ojm/c9cptn0_0.png,1c2ojm/c9cptn0_0_mask.png,1
1c2ojm/c9co6ln_0.png,1c2ojm/c9co6ln_0_mask.png,1
1c2ojm/c9cklgd_0.png,1c2ojm/c9cklgd_0_mask.png,1
1c2ojm/c9clq8i_0.png,1c2ojm/c9clq8i_0_mask.png,1
1c2ojm/c9codtz_0.png,1c2ojm/c9codtz_0_mask.png,1
1c2ojm/c9cqodp_0.png,1c2ojm/c9cqodp_0_mask.png,1
1c2ojm/c9cu722_0.png,1c2ojm/c9cu722_0_mask.png,1
1c2ojm/c9cnkd2_0.png,1c2ojm/c9cnkd2_0_mask.png,1
1c2ojm/c9coljf_0.png,1c2ojm/c9coljf_0_mask.png,1
1c2ojm/c9cojnz_0.png,1c2ojm/c9cojnz_0_mask.png,1
1c2ojm/c9cnjtp_0.png,1c2ojm/c9cnjtp_0_mask.png,1
1c2ojm/c9cnv8n_0.png,1c2ojm/c9cnv8n_0_mask.png,1
1c2ojm/c9cnzf8_0.png,1c2ojm/c9cnzf8_0_mask.png,1
1c2ojm/c9colrh_0.png,1c2ojm/c9colrh_0_mask.png,1
1c2ojm/c9crh2a_0.png,1c2ojm/c9crh2a_0_mask.png,1
1c2ojm/c9cnkxl_0.png,1c2ojm/c9cnkxl_0_mask.png,1
1c2ojm/c9cmdfe_0.png,1c2ojm/c9cmdfe_0_mask.png,1
1c2ojm/c9crgzl_0.png,1c2ojm/c9crgzl_0_mask.png,1
1aziip/c92ai3g_0.png,1aziip/c92ai3g_0_mask.png,1
1aziip/1aziip_orig.png,,0
1bri83/c99meyn_0.png,1bri83/c99meyn_0_mask.png,1
1bri83/1bri83_orig.png,,0
1bri83/c99mhvd_0.png,1bri83/c99mhvd_0_mask.png,1
1bri83/c99hbe0_0.png,1bri83/c99hbe0_0_mask.png,1
1bri83/c99gb54_0.png,1bri83/c99gb54_0_mask.png,1
1bri83/c99fjx6_0.png,1bri83/c99fjx6_0_mask.png,1
1bri83/c99ixjq_0.png,1bri83/c99ixjq_0_mask.png,1
1b26rs/1b26rs_orig.png,,0
1b26rs/c92zvkq_0.png,1b26rs/c92zvkq_0_mask.png,1
1b9l65/1b9l65_orig.png,,0
1b9l65/c94ygpb_0.png,1b9l65/c94ygpb_0_mask.png,1
1b9l65/c94xd3q_0.png,1b9l65/c94xd3q_0_mask.png,1
1c6t1h/c9dvu4w_0.png,1c6t1h/c9dvu4w_0_mask.png,1
1c6t1h/c9dqbbe_0.png,1c6t1h/c9dqbbe_0_mask.png,1
1c6t1h/c9drap5_0.png,1c6t1h/c9drap5_0_mask.png,1
1c6t1h/c9dwu2g_0.png,1c6t1h/c9dwu2g_0_mask.png,1
1c6t1h/c9dq7o6_0.png,1c6t1h/c9dq7o6_0_mask.png,1
1c6t1h/c9dmses_0.png,1c6t1h/c9dmses_0_mask.png,1
1c6t1h/c9du7a8_0.png,1c6t1h/c9du7a8_0_mask.png,1
1c6t1h/c9dl27f_0.png,1c6t1h/c9dl27f_0_mask.png,1
1c6t1h/c9dr8ae_0.png,1c6t1h/c9dr8ae_0_mask.png,1
1c6t1h/c9dobg3_0.png,1c6t1h/c9dobg3_0_mask.png,1
1c6t1h/c9dvojg_0.png,1c6t1h/c9dvojg_0_mask.png,1
1c6t1h/c9dwil8_0.png,1c6t1h/c9dwil8_0_mask.png,1
1c6t1h/c9do678_0.png,1c6t1h/c9do678_0_mask.png,1
1c6t1h/c9dscl6_0.png,1c6t1h/c9dscl6_0_mask.png,1
1c6t1h/c9dvolx_0.png,1c6t1h/c9dvolx_0_mask.png,1
1c6t1h/c9dsznh_0.png,1c6t1h/c9dsznh_0_mask.png,1
1c6t1h/c9dst40_0.png,1c6t1h/c9dst40_0_mask.png,1
1c6t1h/c9dnz7d_0.png,1c6t1h/c9dnz7d_0_mask.png,1
1c6t1h/c9dpamg_0.png,1c6t1h/c9dpamg_0_mask.png,1
1c6t1h/c9dnkas_0.png,1c6t1h/c9dnkas_0_mask.png,1
1c6t1h/1c6t1h_orig.png,,0
1c6t1h/c9du4ht_0.png,1c6t1h/c9du4ht_0_mask.png,1
1boevu/c98koeq_0.png,1boevu/c98koeq_0_mask.png,1
1boevu/c98ovsv_0.png,1boevu/c98ovsv_0_mask.png,1
1boevu/c98ojjv_0.png,1boevu/c98ojjv_0_mask.png,1
1boevu/1boevu_orig.png,,0
1boevu/c98iwaf_0.png,1boevu/c98iwaf_0_mask.png,1
1bbszb/1bbszb_orig.png,,0
1bbszb/c95gd9r_0.png,1bbszb/c95gd9r_0_mask.png,1
1bbszb/c95nmhg_0.png,1bbszb/c95nmhg_0_mask.png,1
1cdvuj/1cdvuj_orig.png,,0
1cdvuj/c9fk35b_0.png,1cdvuj/c9fk35b_0_mask.png,1
1cdvuj/c9fo87w_0.png,1cdvuj/c9fo87w_0_mask.png,1
1cdvuj/c9flfa0_0.png,1cdvuj/c9flfa0_0_mask.png,1
1a4zdz/c8uf70a_0.png,1a4zdz/c8uf70a_0_mask.png,1
1a4zdz/c8uaesm_0.png,1a4zdz/c8uaesm_0_mask.png,1
1a4zdz/c8uaap3_0.png,1a4zdz/c8uaap3_0_mask.png,1
1a4zdz/1a4zdz_orig.png,,0
1a4zdz/c8u86mv_0.png,1a4zdz/c8u86mv_0_mask.png,1
1a4zdz/c8ubux0_0.png,1a4zdz/c8ubux0_0_mask.png,1
1a4zdz/c8ucm3b_0.png,1a4zdz/c8ucm3b_0_mask.png,1
1bsc5v/c99ml73_0.png,1bsc5v/c99ml73_0_mask.png,1
1bsc5v/c99twh4_0.png,1bsc5v/c99twh4_0_mask.png,1
1bsc5v/c99msoi_0.png,1bsc5v/c99msoi_0_mask.png,1
1bsc5v/c99pq37_0.png,1bsc5v/c99pq37_0_mask.png,1
1bsc5v/c99par4_0.png,1bsc5v/c99par4_0_mask.png,1
1bsc5v/1bsc5v_orig.png,,0
1bsc5v/c99s1ad_0.png,1bsc5v/c99s1ad_0_mask.png,1
1bsc5v/c99lrlg_0.png,1bsc5v/c99lrlg_0_mask.png,1
1aoxnt/c8zijis_0.png,1aoxnt/c8zijis_0_mask.png,1
1aoxnt/c8zj217_0.png,1aoxnt/c8zj217_0_mask.png,1
1aoxnt/1aoxnt_orig.png,,0
1c7f5q/c9drgb8_0.png,1c7f5q/c9drgb8_0_mask.png,1
1c7f5q/c9dr5uk_0.png,1c7f5q/c9dr5uk_0_mask.png,1
1c7f5q/1c7f5q_orig.png,,0
1cbtfp/c9f2qch_0.png,1cbtfp/c9f2qch_0_mask.png,1
1cbtfp/c9f2dub_0.png,1cbtfp/c9f2dub_0_mask.png,1
1cbtfp/c9f535u_0.png,1cbtfp/c9f535u_0_mask.png,1
1cbtfp/c9f2sfv_0.png,1cbtfp/c9f2sfv_0_mask.png,1
1cbtfp/c9faxnv_0.png,1cbtfp/c9faxnv_0_mask.png,1
1cbtfp/c9f627v_0.png,1cbtfp/c9f627v_0_mask.png,1
1cbtfp/c9f8vaj_0.png,1cbtfp/c9f8vaj_0_mask.png,1
1cbtfp/c9f090n_0.png,1cbtfp/c9f090n_0_mask.png,1
1cbtfp/c9ezpzg_0.png,1cbtfp/c9ezpzg_0_mask.png,1
1cbtfp/c9ffae4_0.png,1cbtfp/c9ffae4_0_mask.png,1
1cbtfp/c9f3n7z_0.png,1cbtfp/c9f3n7z_0_mask.png,1
1cbtfp/1cbtfp_orig.png,,0
1cbtfp/c9f465i_0.png,1cbtfp/c9f465i_0_mask.png,1
1cbtfp/c9f0n0z_0.png,1cbtfp/c9f0n0z_0_mask.png,1
1ceaqo/1ceaqo_orig.png,,0
1ceaqo/c9ft4yi_0.png,1ceaqo/c9ft4yi_0_mask.png,1
1ceaqo/c9fqvx5_0.png,1ceaqo/c9fqvx5_0_mask.png,1
1cgvx4/c9gjh0g_0.png,1cgvx4/c9gjh0g_0_mask.png,1
1cgvx4/1cgvx4_orig.png,,0
1cgvx4/c9gf8ln_0.png,1cgvx4/c9gf8ln_0_mask.png,1
1ax6zq/c91pkp5_0.png,1ax6zq/c91pkp5_0_mask.png,1
1ax6zq/c91o8wl_0.png,1ax6zq/c91o8wl_0_mask.png,1
1ax6zq/1ax6zq_orig.png,,0
1bz432/1bz432_orig.png,,0
1bz432/c9bk4ex_0.png,1bz432/c9bk4ex_0_mask.png,1
1bz432/c9bldbp_0.png,1bz432/c9bldbp_0_mask.png,1
1bz432/c9bhen2_0.png,1bz432/c9bhen2_0_mask.png,1
1ay6i0/c923dj8_0.png,1ay6i0/c923dj8_0_mask.png,1
1ay6i0/c91wof4_0.png,1ay6i0/c91wof4_0_mask.png,1
1ay6i0/c91ujvf_0.png,1ay6i0/c91ujvf_0_mask.png,1
1ay6i0/1ay6i0_orig.png,,0
1ay6i0/c91x9y7_0.png,1ay6i0/c91x9y7_0_mask.png,1
1a4dqp/1a4dqp_orig.png,,0
1a4dqp/c8u4gpd_0.png,1a4dqp/c8u4gpd_0_mask.png,1
1b4knn/c93kbyf_0.png,1b4knn/c93kbyf_0_mask.png,1
1b4knn/c93k770_0.png,1b4knn/c93k770_0_mask.png,1
1b4knn/1b4knn_orig.png,,0
1ajtpd/c8y55d9_0.png,1ajtpd/c8y55d9_0_mask.png,1
1ajtpd/1ajtpd_orig.png,,0
1ajtpd/c8yc2ry_0.png,1ajtpd/c8yc2ry_0_mask.png,1
1ajtpd/c8ybsvm_0.png,1ajtpd/c8ybsvm_0_mask.png,1
1ajtpd/c8ydsfu_0.png,1ajtpd/c8ydsfu_0_mask.png,1
1ajtpd/c8y9zbo_0.png,1ajtpd/c8y9zbo_0_mask.png,1
1ajtpd/c8y5f1t_0.png,1ajtpd/c8y5f1t_0_mask.png,1
1ajtpd/c8y31sd_0.png,1ajtpd/c8y31sd_0_mask.png,1
1ajtpd/c8ye71b_0.png,1ajtpd/c8ye71b_0_mask.png,1
1ajtpd/c8yaujz_0.png,1ajtpd/c8yaujz_0_mask.png,1
1ajtpd/c8yb71t_0.png,1ajtpd/c8yb71t_0_mask.png,1
1ajtpd/c8y2vvo_0.png,1ajtpd/c8y2vvo_0_mask.png,1
1ajtpd/c8y2qcw_0.png,1ajtpd/c8y2qcw_0_mask.png,1
1ajtpd/c8y3utt_0.png,1ajtpd/c8y3utt_0_mask.png,1
1bl55t/c97qfid_0.png,1bl55t/c97qfid_0_mask.png,1
1bl55t/c97npfo_0.png,1bl55t/c97npfo_0_mask.png,1
1bl55t/c97zamq_0.png,1bl55t/c97zamq_0_mask.png,1
1bl55t/c97u2q9_0.png,1bl55t/c97u2q9_0_mask.png,1
1bl55t/c9825wp_0.png,1bl55t/c9825wp_0_mask.png,1
1bl55t/c97qqbo_0.png,1bl55t/c97qqbo_0_mask.png,1
1bl55t/c97rkx9_0.png,1bl55t/c97rkx9_0_mask.png,1
1bl55t/c97v6ia_0.png,1bl55t/c97v6ia_0_mask.png,1
1bl55t/c97rh7u_0.png,1bl55t/c97rh7u_0_mask.png,1
1bl55t/c9813uk_0.png,1bl55t/c9813uk_0_mask.png,1
1bl55t/c980uto_0.png,1bl55t/c980uto_0_mask.png,1
1bl55t/c97sv42_0.png,1bl55t/c97sv42_0_mask.png,1
1bl55t/c9829t7_0.png,1bl55t/c9829t7_0_mask.png,1
1bl55t/c980b28_0.png,1bl55t/c980b28_0_mask.png,1
1bl55t/c97shkd_0.png,1bl55t/c97shkd_0_mask.png,1
1bl55t/c97pme4_0.png,1bl55t/c97pme4_0_mask.png,1
1bl55t/1bl55t_orig.png,,0
1bl55t/c97qk9d_0.png,1bl55t/c97qk9d_0_mask.png,1
1bl55t/c97qv4m_0.png,1bl55t/c97qv4m_0_mask.png,1
1bl55t/c97p9cf_0.png,1bl55t/c97p9cf_0_mask.png,1
1bl55t/c97qyg0_0.png,1bl55t/c97qyg0_0_mask.png,1
1bl55t/c986who_0.png,1bl55t/c986who_0_mask.png,1
1bl55t/c97te6m_0.png,1bl55t/c97te6m_0_mask.png,1
1bl55t/c97nvx1_0.png,1bl55t/c97nvx1_0_mask.png,1
1b921i/c94s183_0.png,1b921i/c94s183_0_mask.png,1
1b921i/1b921i_orig.png,,0
1b921i/c94vln6_0.png,1b921i/c94vln6_0_mask.png,1
1azvyy/1azvyy_orig.png,,0
1azvyy/c92dgp0_0.png,1azvyy/c92dgp0_0_mask.png,1
1bt7f3/c99x7l6_0.png,1bt7f3/c99x7l6_0_mask.png,1
1bt7f3/c99wogs_0.png,1bt7f3/c99wogs_0_mask.png,1
1bt7f3/c99wbld_0.png,1bt7f3/c99wbld_0_mask.png,1
1bt7f3/c9a0d39_0.png,1bt7f3/c9a0d39_0_mask.png,1
1bt7f3/c99utti_0.png,1bt7f3/c99utti_0_mask.png,1
1bt7f3/1bt7f3_orig.png,,0
1agt1r/1agt1r_orig.png,,0
1agt1r/c8xbjz3_0.png,1agt1r/c8xbjz3_0_mask.png,1
1batnk/c95aqlb_0.png,1batnk/c95aqlb_0_mask.png,1
1batnk/c95adiz_0.png,1batnk/c95adiz_0_mask.png,1
1batnk/c957wve_0.png,1batnk/c957wve_0_mask.png,1
1batnk/c957wt6_0.png,1batnk/c957wt6_0_mask.png,1
1batnk/c957j9n_0.png,1batnk/c957j9n_0_mask.png,1
1batnk/c957juh_0.png,1batnk/c957juh_0_mask.png,1
1batnk/1batnk_orig.png,,0
1batnk/c9595sv_0.png,1batnk/c9595sv_0_mask.png,1
1batnk/c957rl8_0.png,1batnk/c957rl8_0_mask.png,1
1batnk/c959a6e_0.png,1batnk/c959a6e_0_mask.png,1
1batnk/c956q0k_0.png,1batnk/c956q0k_0_mask.png,1
1batnk/c958gik_0.png,1batnk/c958gik_0_mask.png,1
1batnk/c95ho7w_0.png,1batnk/c95ho7w_0_mask.png,1
1bnwrt/1bnwrt_orig.png,,0
1bnwrt/c98jpyg_0.png,1bnwrt/c98jpyg_0_mask.png,1
1bnwrt/c98jxiu_0.png,1bnwrt/c98jxiu_0_mask.png,1
1bnwrt/c98s7f2_0.png,1bnwrt/c98s7f2_0_mask.png,1
1am7zp/1am7zp_orig.png,,0
1am7zp/c8yqawk_0.png,1am7zp/c8yqawk_0_mask.png,1
1bp14r/c98qgm4_0.png,1bp14r/c98qgm4_0_mask.png,1
1bp14r/1bp14r_orig.png,,0
1bzitw/1bzitw_orig.png,,0
1bzitw/c9bp70d_0.png,1bzitw/c9bp70d_0_mask.png,1
1bzitw/c9bl9ay_0.png,1bzitw/c9bl9ay_0_mask.png,1
1bzitw/c9bk4fn_0.png,1bzitw/c9bk4fn_0_mask.png,1
1atc54/1atc54_orig.png,,0
1atc54/c90k1ai_0.png,1atc54/c90k1ai_0_mask.png,1
1b78na/c94fuqy_0.png,1b78na/c94fuqy_0_mask.png,1
1b78na/1b78na_orig.png,,0
1b78na/c94gx14_0.png,1b78na/c94gx14_0_mask.png,1
1b78na/c94f69a_0.png,1b78na/c94f69a_0_mask.png,1
1b78na/c94n3m0_0.png,1b78na/c94n3m0_0_mask.png,1
1b78na/c94ilwx_0.png,1b78na/c94ilwx_0_mask.png,1
1b78na/c94gwuu_0.png,1b78na/c94gwuu_0_mask.png,1
1b78na/c94fzwl_0.png,1b78na/c94fzwl_0_mask.png,1
1b78na/c948sr5_0.png,1b78na/c948sr5_0_mask.png,1
1b78na/c94e0w4_0.png,1b78na/c94e0w4_0_mask.png,1
1b78na/c94h2qf_0.png,1b78na/c94h2qf_0_mask.png,1
1cgonc/c9gdmsw_0.png,1cgonc/c9gdmsw_0_mask.png,1
1cgonc/1cgonc_orig.png,,0
1a69n6/1a69n6_orig.png,,0
1a69n6/c8uka8j_0.png,1a69n6/c8uka8j_0_mask.png,1
1a69n6/c8ulbmf_0.png,1a69n6/c8ulbmf_0_mask.png,1
1a9tss/c8vejd9_0.png,1a9tss/c8vejd9_0_mask.png,1
1a9tss/c8vklwm_0.png,1a9tss/c8vklwm_0_mask.png,1
1a9tss/c8vnyrx_0.png,1a9tss/c8vnyrx_0_mask.png,1
1a9tss/c8vi1sj_0.png,1a9tss/c8vi1sj_0_mask.png,1
1a9tss/c8vqhe0_0.png,1a9tss/c8vqhe0_0_mask.png,1
1a9tss/1a9tss_orig.png,,0
1a9tss/c8vm7al_0.png,1a9tss/c8vm7al_0_mask.png,1
1bqcx4/1bqcx4_orig.png,,0
1bqcx4/c9929g3_0.png,1bqcx4/c9929g3_0_mask.png,1
1aq0f0/c8zp10g_0.png,1aq0f0/c8zp10g_0_mask.png,1
1aq0f0/c8zv3tl_0.png,1aq0f0/c8zv3tl_0_mask.png,1
1aq0f0/1aq0f0_orig.png,,0
1c2gbq/c9cgnm5_0.png,1c2gbq/c9cgnm5_0_mask.png,1
1c2gbq/1c2gbq_orig.png,,0
1c2gbq/c9ceql8_0.png,1c2gbq/c9ceql8_0_mask.png,1
1c2gbq/c9cgxt5_0.png,1c2gbq/c9cgxt5_0_mask.png,1
1bk4a1/c97ffgf_0.png,1bk4a1/c97ffgf_0_mask.png,1
1bk4a1/1bk4a1_orig.png,,0
1b7c47/c94a4qa_0.png,1b7c47/c94a4qa_0_mask.png,1
1b7c47/1b7c47_orig.png,,0
1ac1g7/1ac1g7_orig.png,,0
1ac1g7/c8w2mlr_0.png,1ac1g7/c8w2mlr_0_mask.png,1
1ac1g7/c8w0y2v_0.png,1ac1g7/c8w0y2v_0_mask.png,1
1ac1g7/c8w0r2r_0.png,1ac1g7/c8w0r2r_0_mask.png,1
1ac1g7/c8w0a7n_0.png,1ac1g7/c8w0a7n_0_mask.png,1
1ac1g7/c8w5v0p_0.png,1ac1g7/c8w5v0p_0_mask.png,1
1bsw3w/1bsw3w_orig.png,,0
1bsw3w/c99wyrv_0.png,1bsw3w/c99wyrv_0_mask.png,1
1bsw3w/c99xlov_0.png,1bsw3w/c99xlov_0_mask.png,1
1bsw3w/c99v20p_0.png,1bsw3w/c99v20p_0_mask.png,1
1anq2a/c8z82ta_0.png,1anq2a/c8z82ta_0_mask.png,1
1anq2a/c8z3l9n_0.png,1anq2a/c8z3l9n_0_mask.png,1
1anq2a/c8z31h1_0.png,1anq2a/c8z31h1_0_mask.png,1
1anq2a/c8z3m7v_0.png,1anq2a/c8z3m7v_0_mask.png,1
1anq2a/c8z4ldo_0.png,1anq2a/c8z4ldo_0_mask.png,1
1anq2a/1anq2a_orig.png,,0
1anq2a/c8z3et9_0.png,1anq2a/c8z3et9_0_mask.png,1
1anq2a/c8z27jg_0.png,1anq2a/c8z27jg_0_mask.png,1
1anq2a/c8zepg5_0.png,1anq2a/c8zepg5_0_mask.png,1
1anq2a/c8z3q6p_0.png,1anq2a/c8z3q6p_0_mask.png,1
1anq2a/c8z4o30_0.png,1anq2a/c8z4o30_0_mask.png,1
1anq2a/c8z50ak_0.png,1anq2a/c8z50ak_0_mask.png,1
1bbuj9/c95illf_0.png,1bbuj9/c95illf_0_mask.png,1
1bbuj9/c95h6w7_0.png,1bbuj9/c95h6w7_0_mask.png,1
1bbuj9/c95gkhl_0.png,1bbuj9/c95gkhl_0_mask.png,1
1bbuj9/c95je2e_0.png,1bbuj9/c95je2e_0_mask.png,1
1bbuj9/c95o67f_0.png,1bbuj9/c95o67f_0_mask.png,1
1bbuj9/c95m7eb_0.png,1bbuj9/c95m7eb_0_mask.png,1
1bbuj9/c95occz_0.png,1bbuj9/c95occz_0_mask.png,1
1bbuj9/1bbuj9_orig.png,,0
1bbuj9/c95j6gb_0.png,1bbuj9/c95j6gb_0_mask.png,1
1bbuj9/c95l9tm_0.png,1bbuj9/c95l9tm_0_mask.png,1
1bbuj9/c95mu70_0.png,1bbuj9/c95mu70_0_mask.png,1
1bbuj9/c95hsqp_0.png,1bbuj9/c95hsqp_0_mask.png,1
1bbuj9/c95lzlj_0.png,1bbuj9/c95lzlj_0_mask.png,1
1bbuj9/c95kras_0.png,1bbuj9/c95kras_0_mask.png,1
1b6yyc/c949wvr_0.png,1b6yyc/c949wvr_0_mask.png,1
1b6yyc/c94b087_0.png,1b6yyc/c94b087_0_mask.png,1
1b6yyc/c949vtj_0.png,1b6yyc/c949vtj_0_mask.png,1
1b6yyc/c94cpfe_0.png,1b6yyc/c94cpfe_0_mask.png,1
1b6yyc/c94bbxr_0.png,1b6yyc/c94bbxr_0_mask.png,1
1b6yyc/c9482ja_0.png,1b6yyc/c9482ja_0_mask.png,1
1b6yyc/1b6yyc_orig.png,,0
1b6yyc/c948lks_0.png,1b6yyc/c948lks_0_mask.png,1
1b6yyc/c949yvb_0.png,1b6yyc/c949yvb_0_mask.png,1
1b6yyc/c949b58_0.png,1b6yyc/c949b58_0_mask.png,1
1cgew4/c9g9mr9_0.png,1cgew4/c9g9mr9_0_mask.png,1
1cgew4/1cgew4_orig.png,,0
1cgew4/c9g8k86_0.png,1cgew4/c9g8k86_0_mask.png,1
1cgew4/c9gda7u_0.png,1cgew4/c9gda7u_0_mask.png,1
1cgew4/c9g8zth_0.png,1cgew4/c9g8zth_0_mask.png,1
1cgew4/c9gbskr_0.png,1cgew4/c9gbskr_0_mask.png,1
1bh7u3/c96qatb_0.png,1bh7u3/c96qatb_0_mask.png,1
1bh7u3/1bh7u3_orig.png,,0
1aohro/c8zg45r_0.png,1aohro/c8zg45r_0_mask.png,1
1aohro/c8zefoe_0.png,1aohro/c8zefoe_0_mask.png,1
1aohro/c8zjhlp_0.png,1aohro/c8zjhlp_0_mask.png,1
1aohro/c8zb000_0.png,1aohro/c8zb000_0_mask.png,1
1aohro/c8zax0v_0.png,1aohro/c8zax0v_0_mask.png,1
1aohro/c8zezwq_0.png,1aohro/c8zezwq_0_mask.png,1
1aohro/1aohro_orig.png,,0
1aohro/c8zexo2_0.png,1aohro/c8zexo2_0_mask.png,1
1b9qko/c951j7v_0.png,1b9qko/c951j7v_0_mask.png,1
1b9qko/1b9qko_orig.png,,0
1ayilh/1ayilh_orig.png,,0
1ayilh/c91z2wh_0.png,1ayilh/c91z2wh_0_mask.png,1
1awo2u/1awo2u_orig.png,,0
1awo2u/c91g223_0.png,1awo2u/c91g223_0_mask.png,1
1cbqiu/c9f14qe_0.png,1cbqiu/c9f14qe_0_mask.png,1
1cbqiu/1cbqiu_orig.png,,0
1cbqiu/c9f3da2_0.png,1cbqiu/c9f3da2_0_mask.png,1
1af2jv/1af2jv_orig.png,,0
1af2jv/c8wu4jn_0.png,1af2jv/c8wu4jn_0_mask.png,1
1at8em/c90o4ei_0.png,1at8em/c90o4ei_0_mask.png,1
1at8em/c90n1qm_0.png,1at8em/c90n1qm_0_mask.png,1
1at8em/c90jgir_0.png,1at8em/c90jgir_0_mask.png,1
1at8em/1at8em_orig.png,,0
1at8em/c90s0h8_0.png,1at8em/c90s0h8_0_mask.png,1
1a5x44/c8ufr4g_0.png,1a5x44/c8ufr4g_0_mask.png,1
1a5x44/c8ufqah_0.png,1a5x44/c8ufqah_0_mask.png,1
1a5x44/c8uiddx_0.png,1a5x44/c8uiddx_0_mask.png,1
1a5x44/c8uiv5e_0.png,1a5x44/c8uiv5e_0_mask.png,1
1a5x44/1a5x44_orig.png,,0
1a5x44/c8uefj0_0.png,1a5x44/c8uefj0_0_mask.png,1
1cfo34/1cfo34_orig.png,,0
1cfo34/c9g9ld3_0.png,1cfo34/c9g9ld3_0_mask.png,1
1cfo34/c9gd5k9_0.png,1cfo34/c9gd5k9_0_mask.png,1
1cfo34/c9gattf_0.png,1cfo34/c9gattf_0_mask.png,1
1cfo34/c9g2y6q_0.png,1cfo34/c9g2y6q_0_mask.png,1
1cfo34/c9g6sg0_0.png,1cfo34/c9g6sg0_0_mask.png,1
1cfo34/c9g787e_0.png,1cfo34/c9g787e_0_mask.png,1
1c2uxu/c9cqrf4_0.png,1c2uxu/c9cqrf4_0_mask.png,1
1c2uxu/c9cucm2_0.png,1c2uxu/c9cucm2_0_mask.png,1
1c2uxu/c9clmau_0.png,1c2uxu/c9clmau_0_mask.png,1
1c2uxu/c9ct2jr_0.png,1c2uxu/c9ct2jr_0_mask.png,1
1c2uxu/c9cpev3_0.png,1c2uxu/c9cpev3_0_mask.png,1
1c2uxu/1c2uxu_orig.png,,0
1c2uxu/c9cocnw_0.png,1c2uxu/c9cocnw_0_mask.png,1
1a41rr/1a41rr_orig.png,,0
1a41rr/c8ty2bs_0.png,1a41rr/c8ty2bs_0_mask.png,1
1a41rr/c8tzqf0_0.png,1a41rr/c8tzqf0_0_mask.png,1
1aeur2/c8wry2k_0.png,1aeur2/c8wry2k_0_mask.png,1
1aeur2/1aeur2_orig.png,,0
1aeur2/c8wte77_0.png,1aeur2/c8wte77_0_mask.png,1
1aeur2/c8wt4r2_0.png,1aeur2/c8wt4r2_0_mask.png,1
1c4ksv/c9cyjm5_0.png,1c4ksv/c9cyjm5_0_mask.png,1
1c4ksv/c9dem0q_0.png,1c4ksv/c9dem0q_0_mask.png,1
1c4ksv/c9dc59i_0.png,1c4ksv/c9dc59i_0_mask.png,1
1c4ksv/c9d56du_0.png,1c4ksv/c9d56du_0_mask.png,1
1c4ksv/c9d09n3_0.png,1c4ksv/c9d09n3_0_mask.png,1
1c4ksv/c9d0hcc_0.png,1c4ksv/c9d0hcc_0_mask.png,1
1c4ksv/c9d2odr_0.png,1c4ksv/c9d2odr_0_mask.png,1
1c4ksv/c9d1bek_0.png,1c4ksv/c9d1bek_0_mask.png,1
1c4ksv/c9d1ut9_0.png,1c4ksv/c9d1ut9_0_mask.png,1
1c4ksv/c9d7t09_0.png,1c4ksv/c9d7t09_0_mask.png,1
1c4ksv/c9d78r8_0.png,1c4ksv/c9d78r8_0_mask.png,1
1c4ksv/1c4ksv_orig.png,,0
1c4ksv/c9cysih_0.png,1c4ksv/c9cysih_0_mask.png,1
1c4ksv/c9czkzr_0.png,1c4ksv/c9czkzr_0_mask.png,1
1c4ksv/c9d4ljv_0.png,1c4ksv/c9d4ljv_0_mask.png,1
1c4ksv/c9czl4x_0.png,1c4ksv/c9czl4x_0_mask.png,1
1c4ksv/c9czi34_0.png,1c4ksv/c9czi34_0_mask.png,1
1bvscz/1bvscz_orig.png,,0
1bvscz/c9aq17o_0.png,1bvscz/c9aq17o_0_mask.png,1
1bvscz/c9an6i7_0.png,1bvscz/c9an6i7_0_mask.png,1
1bvscz/c9arquy_0.png,1bvscz/c9arquy_0_mask.png,1
1bvscz/c9alw3v_0.png,1bvscz/c9alw3v_0_mask.png,1
1bvscz/c9anb73_0.png,1bvscz/c9anb73_0_mask.png,1
1bvscz/c9ane75_0.png,1bvscz/c9ane75_0_mask.png,1
1bvscz/c9amlei_0.png,1bvscz/c9amlei_0_mask.png,1
1bqic5/c99ae5w_0.png,1bqic5/c99ae5w_0_mask.png,1
1bqic5/c9969lr_0.png,1bqic5/c9969lr_0_mask.png,1
1bqic5/1bqic5_orig.png,,0
1bqic5/c9969p0_0.png,1bqic5/c9969p0_0_mask.png,1
1bqic5/c992u19_0.png,1bqic5/c992u19_0_mask.png,1
1bqic5/c9948kv_0.png,1bqic5/c9948kv_0_mask.png,1
1bqic5/c9981l7_0.png,1bqic5/c9981l7_0_mask.png,1
1bqic5/c993h77_0.png,1bqic5/c993h77_0_mask.png,1
1bqic5/c998fw2_0.png,1bqic5/c998fw2_0_mask.png,1
1bqic5/c9948nw_0.png,1bqic5/c9948nw_0_mask.png,1
1bqic5/c998ytl_0.png,1bqic5/c998ytl_0_mask.png,1
1bqic5/c993w8d_0.png,1bqic5/c993w8d_0_mask.png,1
1bqic5/c995td6_0.png,1bqic5/c995td6_0_mask.png,1
1bqic5/c993qje_0.png,1bqic5/c993qje_0_mask.png,1
1bqic5/c99bj65_0.png,1bqic5/c99bj65_0_mask.png,1
1bnjhf/c98aivj_0.png,1bnjhf/c98aivj_0_mask.png,1
1bnjhf/1bnjhf_orig.png,,0
1bnjhf/c98el2l_0.png,1bnjhf/c98el2l_0_mask.png,1
1aqi3j/1aqi3j_orig.png,,0
1aqi3j/c8zu1fj_0.png,1aqi3j/c8zu1fj_0_mask.png,1
1c1mwo/c9chzux_0.png,1c1mwo/c9chzux_0_mask.png,1
1c1mwo/c9c9t84_0.png,1c1mwo/c9c9t84_0_mask.png,1
1c1mwo/c9c75hs_0.png,1c1mwo/c9c75hs_0_mask.png,1
1c1mwo/c9ca1of_0.png,1c1mwo/c9ca1of_0_mask.png,1
1c1mwo/c9cate8_0.png,1c1mwo/c9cate8_0_mask.png,1
1c1mwo/c9ceq9q_0.png,1c1mwo/c9ceq9q_0_mask.png,1
1c1mwo/c9cqpt2_0.png,1c1mwo/c9cqpt2_0_mask.png,1
1c1mwo/c9cetkp_0.png,1c1mwo/c9cetkp_0_mask.png,1
1c1mwo/c9cfhhv_0.png,1c1mwo/c9cfhhv_0_mask.png,1
1c1mwo/c9cml58_0.png,1c1mwo/c9cml58_0_mask.png,1
1c1mwo/1c1mwo_orig.png,,0
1c1mwo/c9cm5nk_0.png,1c1mwo/c9cm5nk_0_mask.png,1
1c1mwo/c9ckx05_0.png,1c1mwo/c9ckx05_0_mask.png,1
1c1mwo/c9chzty_0.png,1c1mwo/c9chzty_0_mask.png,1
1c1mwo/c9cilly_0.png,1c1mwo/c9cilly_0_mask.png,1
1afv6o/c8x3rcx_0.png,1afv6o/c8x3rcx_0_mask.png,1
1afv6o/1afv6o_orig.png,,0
1afv6o/c8x27kq_0.png,1afv6o/c8x27kq_0_mask.png,1
1b1epd/c92q18a_0.png,1b1epd/c92q18a_0_mask.png,1
1b1epd/c92qfqu_0.png,1b1epd/c92qfqu_0_mask.png,1
1b1epd/c930c3q_0.png,1b1epd/c930c3q_0_mask.png,1
1b1epd/c92qy35_0.png,1b1epd/c92qy35_0_mask.png,1
1b1epd/c92wo0u_0.png,1b1epd/c92wo0u_0_mask.png,1
1b1epd/c92q0yd_0.png,1b1epd/c92q0yd_0_mask.png,1
1b1epd/c92qgq8_0.png,1b1epd/c92qgq8_0_mask.png,1
1b1epd/c92zq41_0.png,1b1epd/c92zq41_0_mask.png,1
1b1epd/c92q4n1_0.png,1b1epd/c92q4n1_0_mask.png,1
1b1epd/1b1epd_orig.png,,0
1b1epd/c92v7b9_0.png,1b1epd/c92v7b9_0_mask.png,1
1c0yl5/c9bzbcq_0.png,1c0yl5/c9bzbcq_0_mask.png,1
1c0yl5/1c0yl5_orig.png,,0
1c0yl5/c9c4juu_0.png,1c0yl5/c9c4juu_0_mask.png,1
1boa89/1boa89_orig.png,,0
1boa89/c98lw0x_0.png,1boa89/c98lw0x_0_mask.png,1
1boa89/c98jqgu_0.png,1boa89/c98jqgu_0_mask.png,1
1boa89/c98jkof_0.png,1boa89/c98jkof_0_mask.png,1
1cezq4/c9fwc5l_0.png,1cezq4/c9fwc5l_0_mask.png,1
1cezq4/1cezq4_orig.png,,0
1cezq4/c9fxwfb_0.png,1cezq4/c9fxwfb_0_mask.png,1
1c81cn/c9dyl8y_0.png,1c81cn/c9dyl8y_0_mask.png,1
1c81cn/1c81cn_orig.png,,0
1c81cn/c9e195c_0.png,1c81cn/c9e195c_0_mask.png,1
1aty89/1aty89_orig.png,,0
1aty89/c90pv3g_0.png,1aty89/c90pv3g_0_mask.png,1
1bd4lv/c95utnm_0.png,1bd4lv/c95utnm_0_mask.png,1
1bd4lv/1bd4lv_orig.png,,0
1anhg4/1anhg4_orig.png,,0
1anhg4/c8zf0hg_0.png,1anhg4/c8zf0hg_0_mask.png,1
1anhg4/c8z2itj_0.png,1anhg4/c8z2itj_0_mask.png,1
1anhg4/c8z1ubs_0.png,1anhg4/c8z1ubs_0_mask.png,1
1anhg4/c8z1qqq_0.png,1anhg4/c8z1qqq_0_mask.png,1
1anhg4/c8z0zg4_0.png,1anhg4/c8z0zg4_0_mask.png,1
1a3oag/c8u0rrz_0.png,1a3oag/c8u0rrz_0_mask.png,1
1a3oag/c8ttxi0_0.png,1a3oag/c8ttxi0_0_mask.png,1
1a3oag/c8ttxcu_0.png,1a3oag/c8ttxcu_0_mask.png,1
1a3oag/c8twn73_0.png,1a3oag/c8twn73_0_mask.png,1
1a3oag/c8tx1h1_0.png,1a3oag/c8tx1h1_0_mask.png,1
1a3oag/c8twvej_0.png,1a3oag/c8twvej_0_mask.png,1
1a3oag/c8ttni9_0.png,1a3oag/c8ttni9_0_mask.png,1
1a3oag/c8tvsnn_0.png,1a3oag/c8tvsnn_0_mask.png,1
1a3oag/c8txu5x_0.png,1a3oag/c8txu5x_0_mask.png,1
1a3oag/c8tt7fg_0.png,1a3oag/c8tt7fg_0_mask.png,1
1a3oag/c8u0wl4_0.png,1a3oag/c8u0wl4_0_mask.png,1
1a3oag/1a3oag_orig.png,,0
1az3z4/c92coio_0.png,1az3z4/c92coio_0_mask.png,1
1az3z4/c92cbi6_0.png,1az3z4/c92cbi6_0_mask.png,1
1az3z4/c928dvs_0.png,1az3z4/c928dvs_0_mask.png,1
1az3z4/1az3z4_orig.png,,0
1az3z4/c925i21_0.png,1az3z4/c925i21_0_mask.png,1
1az3z4/c92cltu_0.png,1az3z4/c92cltu_0_mask.png,1
1az3z4/c928z82_0.png,1az3z4/c928z82_0_mask.png,1
1az3z4/c92gvqy_0.png,1az3z4/c92gvqy_0_mask.png,1
1az3z4/c92atfy_0.png,1az3z4/c92atfy_0_mask.png,1
1az3z4/c9266q1_0.png,1az3z4/c9266q1_0_mask.png,1
1az3z4/c92cabj_0.png,1az3z4/c92cabj_0_mask.png,1
1bkkyo/1bkkyo_orig.png,,0
1bkkyo/c97nhib_0.png,1bkkyo/c97nhib_0_mask.png,1
1bkkyo/c97knp0_0.png,1bkkyo/c97knp0_0_mask.png,1
1buvhq/c9abglu_0.png,1buvhq/c9abglu_0_mask.png,1
1buvhq/1buvhq_orig.png,,0
1axap9/c91tgga_0.png,1axap9/c91tgga_0_mask.png,1
1axap9/1axap9_orig.png,,0
1c9ol1/1c9ol1_orig.png,,0
1c9ol1/c9ege42_0.png,1c9ol1/c9ege42_0_mask.png,1
1c9ol1/c9eiaqx_0.png,1c9ol1/c9eiaqx_0_mask.png,1
1c3l17/1c3l17_orig.png,,0
1c3l17/c9coy2n_0.png,1c3l17/c9coy2n_0_mask.png,1
1c3l17/c9cufxm_0.png,1c3l17/c9cufxm_0_mask.png,1
1a5h1p/1a5h1p_orig.png,,0
1a5h1p/c8ua0at_0.png,1a5h1p/c8ua0at_0_mask.png,1
1a5h1p/c8uc2z3_0.png,1a5h1p/c8uc2z3_0_mask.png,1
1a5h1p/c8ue2m3_0.png,1a5h1p/c8ue2m3_0_mask.png,1
1bzmio/c9blqqz_0.png,1bzmio/c9blqqz_0_mask.png,1
1bzmio/1bzmio_orig.png,,0
1bzmio/c9bn0uy_0.png,1bzmio/c9bn0uy_0_mask.png,1
1c9wcj/c9egvex_0.png,1c9wcj/c9egvex_0_mask.png,1
1c9wcj/1c9wcj_orig.png,,0
1c9wcj/c9ekoti_0.png,1c9wcj/c9ekoti_0_mask.png,1
1bx64j/1bx64j_orig.png,,0
1bx64j/c9ayosx_0.png,1bx64j/c9ayosx_0_mask.png,1
1bx64j/c9b0xit_0.png,1bx64j/c9b0xit_0_mask.png,1
1bx64j/c9b6ddb_0.png,1bx64j/c9b6ddb_0_mask.png,1
1bx64j/c9ayp33_0.png,1bx64j/c9ayp33_0_mask.png,1
1bx64j/c9b0mve_0.png,1bx64j/c9b0mve_0_mask.png,1
1bx64j/c9az9ha_0.png,1bx64j/c9az9ha_0_mask.png,1
1bx64j/c9b2vt4_0.png,1bx64j/c9b2vt4_0_mask.png,1
1bx64j/c9b0jbt_0.png,1bx64j/c9b0jbt_0_mask.png,1
1bx64j/c9ax2ln_0.png,1bx64j/c9ax2ln_0_mask.png,1
1bx64j/c9aysiu_0.png,1bx64j/c9aysiu_0_mask.png,1
1bx64j/c9b10e8_0.png,1bx64j/c9b10e8_0_mask.png,1
1bx64j/c9b11xy_0.png,1bx64j/c9b11xy_0_mask.png,1
1bx64j/c9befb1_0.png,1bx64j/c9befb1_0_mask.png,1
1bx64j/c9b6d4b_0.png,1bx64j/c9b6d4b_0_mask.png,1
1bx64j/c9b0gy6_0.png,1bx64j/c9b0gy6_0_mask.png,1
1bx64j/c9azgqp_0.png,1bx64j/c9azgqp_0_mask.png,1
1avax4/c9163k4_0.png,1avax4/c9163k4_0_mask.png,1
1avax4/1avax4_orig.png,,0
1b18vd/c92p68x_0.png,1b18vd/c92p68x_0_mask.png,1
1b18vd/c92psdg_0.png,1b18vd/c92psdg_0_mask.png,1
1b18vd/c92q0xi_0.png,1b18vd/c92q0xi_0_mask.png,1
1b18vd/c92qjd8_0.png,1b18vd/c92qjd8_0_mask.png,1
1b18vd/c92uvo3_0.png,1b18vd/c92uvo3_0_mask.png,1
1b18vd/c92urd0_0.png,1b18vd/c92urd0_0_mask.png,1
1b18vd/c92qres_0.png,1b18vd/c92qres_0_mask.png,1
1b18vd/c92q42b_0.png,1b18vd/c92q42b_0_mask.png,1
1b18vd/c92onbn_0.png,1b18vd/c92onbn_0_mask.png,1
1b18vd/c9306r3_0.png,1b18vd/c9306r3_0_mask.png,1
1b18vd/c92sqgw_0.png,1b18vd/c92sqgw_0_mask.png,1
1b18vd/c92nwb3_0.png,1b18vd/c92nwb3_0_mask.png,1
1b18vd/c92n9gt_0.png,1b18vd/c92n9gt_0_mask.png,1
1b18vd/c92qhl9_0.png,1b18vd/c92qhl9_0_mask.png,1
1b18vd/c92rwnu_0.png,1b18vd/c92rwnu_0_mask.png,1
1b18vd/c92pqca_0.png,1b18vd/c92pqca_0_mask.png,1
1b18vd/c92slcj_0.png,1b18vd/c92slcj_0_mask.png,1
1b18vd/1b18vd_orig.png,,0
1b18vd/c92qw48_0.png,1b18vd/c92qw48_0_mask.png,1
1b18vd/c930cjk_0.png,1b18vd/c930cjk_0_mask.png,1
1aczjh/c8wars7_0.png,1aczjh/c8wars7_0_mask.png,1
1aczjh/1aczjh_orig.png,,0
1aczjh/c8w9n2q_0.png,1aczjh/c8w9n2q_0_mask.png,1
1a84zh/c8v70y3_0.png,1a84zh/c8v70y3_0_mask.png,1
1a84zh/c8v3tc5_0.png,1a84zh/c8v3tc5_0_mask.png,1
1a84zh/c8v1094_0.png,1a84zh/c8v1094_0_mask.png,1
1a84zh/c8v26qj_0.png,1a84zh/c8v26qj_0_mask.png,1
1a84zh/c8v3xty_0.png,1a84zh/c8v3xty_0_mask.png,1
1a84zh/1a84zh_orig.png,,0
1bojj1/c98trtt_0.png,1bojj1/c98trtt_0_mask.png,1
1bojj1/c98mgs3_0.png,1bojj1/c98mgs3_0_mask.png,1
1bojj1/c98ow2q_0.png,1bojj1/c98ow2q_0_mask.png,1
1bojj1/c98uwak_0.png,1bojj1/c98uwak_0_mask.png,1
1bojj1/c98rtgo_0.png,1bojj1/c98rtgo_0_mask.png,1
1bojj1/c98sd8w_0.png,1bojj1/c98sd8w_0_mask.png,1
1bojj1/1bojj1_orig.png,,0
1bojj1/c98wx7s_0.png,1bojj1/c98wx7s_0_mask.png,1
1bojj1/c98s4at_0.png,1bojj1/c98s4at_0_mask.png,1
1bojj1/c98scja_0.png,1bojj1/c98scja_0_mask.png,1
1bojj1/c98qf1y_0.png,1bojj1/c98qf1y_0_mask.png,1
1bojj1/c98mhwt_0.png,1bojj1/c98mhwt_0_mask.png,1
1bojj1/c98urai_0.png,1bojj1/c98urai_0_mask.png,1
1bojj1/c98x46e_0.png,1bojj1/c98x46e_0_mask.png,1
1c54ga/c9d710z_0.png,1c54ga/c9d710z_0_mask.png,1
1c54ga/c9dcvq8_0.png,1c54ga/c9dcvq8_0_mask.png,1
1c54ga/c9d9pl9_0.png,1c54ga/c9d9pl9_0_mask.png,1
1c54ga/c9db1wq_0.png,1c54ga/c9db1wq_0_mask.png,1
1c54ga/c9do7hm_0.png,1c54ga/c9do7hm_0_mask.png,1
1c54ga/c9db37a_0.png,1c54ga/c9db37a_0_mask.png,1
1c54ga/1c54ga_orig.png,,0
1c54ga/c9dko71_0.png,1c54ga/c9dko71_0_mask.png,1
1c54ga/c9dcyjm_0.png,1c54ga/c9dcyjm_0_mask.png,1
1c54ga/c9d7ags_0.png,1c54ga/c9d7ags_0_mask.png,1
1c54ga/c9d5q6i_0.png,1c54ga/c9d5q6i_0_mask.png,1
1c54ga/c9df1un_0.png,1c54ga/c9df1un_0_mask.png,1
1c54ga/c9dl0if_0.png,1c54ga/c9dl0if_0_mask.png,1
1c54ga/c9d6jfi_0.png,1c54ga/c9d6jfi_0_mask.png,1
1c54ga/c9d4vh2_0.png,1c54ga/c9d4vh2_0_mask.png,1
1c54ga/c9dd24r_0.png,1c54ga/c9dd24r_0_mask.png,1
1alcdm/c8ypb15_0.png,1alcdm/c8ypb15_0_mask.png,1
1alcdm/1alcdm_orig.png,,0
1al8oy/c8yhtxf_0.png,1al8oy/c8yhtxf_0_mask.png,1
1al8oy/c8yipuf_0.png,1al8oy/c8yipuf_0_mask.png,1
1al8oy/c8yj464_0.png,1al8oy/c8yj464_0_mask.png,1
1al8oy/c8yjscj_0.png,1al8oy/c8yjscj_0_mask.png,1
1al8oy/c8yjs3y_0.png,1al8oy/c8yjs3y_0_mask.png,1
1al8oy/1al8oy_orig.png,,0
1al8oy/c8ynnae_0.png,1al8oy/c8ynnae_0_mask.png,1
1al8oy/c8yib78_0.png,1al8oy/c8yib78_0_mask.png,1
1al8oy/c8yjv4u_0.png,1al8oy/c8yjv4u_0_mask.png,1
1al8oy/c8yh8v9_0.png,1al8oy/c8yh8v9_0_mask.png,1
1al8oy/c8yiqdr_0.png,1al8oy/c8yiqdr_0_mask.png,1
1ad1a0/c8wcpg5_0.png,1ad1a0/c8wcpg5_0_mask.png,1
1ad1a0/c8wc7vs_0.png,1ad1a0/c8wc7vs_0_mask.png,1
1ad1a0/c8wc6jq_0.png,1ad1a0/c8wc6jq_0_mask.png,1
1ad1a0/c8wdsc1_0.png,1ad1a0/c8wdsc1_0_mask.png,1
1ad1a0/1ad1a0_orig.png,,0
1ad1a0/c8wclzm_0.png,1ad1a0/c8wclzm_0_mask.png,1
1ad1a0/c8wcodr_0.png,1ad1a0/c8wcodr_0_mask.png,1
1ad1a0/c8wcbsq_0.png,1ad1a0/c8wcbsq_0_mask.png,1
1ad1a0/c8wcfx9_0.png,1ad1a0/c8wcfx9_0_mask.png,1
1ad1a0/c8wc5ln_0.png,1ad1a0/c8wc5ln_0_mask.png,1
1chfs0/1chfs0_orig.png,,0
1chfs0/c9gtq1e_0.png,1chfs0/c9gtq1e_0_mask.png,1
1chfs0/c9gss1i_0.png,1chfs0/c9gss1i_0_mask.png,1
1chfs0/c9gjago_0.png,1chfs0/c9gjago_0_mask.png,1
1chfs0/c9glbxq_0.png,1chfs0/c9glbxq_0_mask.png,1
1chfs0/c9grcz4_0.png,1chfs0/c9grcz4_0_mask.png,1
1chfs0/c9gl75j_0.png,1chfs0/c9gl75j_0_mask.png,1
1bq750/c993kz0_0.png,1bq750/c993kz0_0_mask.png,1
1bq750/c99303g_0.png,1bq750/c99303g_0_mask.png,1
1bq750/c9996ea_0.png,1bq750/c9996ea_0_mask.png,1
1bq750/c994oht_0.png,1bq750/c994oht_0_mask.png,1
1bq750/1bq750_orig.png,,0
1bigvi/c972y81_0.png,1bigvi/c972y81_0_mask.png,1
1bigvi/c970x7m_0.png,1bigvi/c970x7m_0_mask.png,1
1bigvi/c972iqs_0.png,1bigvi/c972iqs_0_mask.png,1
1bigvi/c978nfj_0.png,1bigvi/c978nfj_0_mask.png,1
1bigvi/c979ib3_0.png,1bigvi/c979ib3_0_mask.png,1
1bigvi/c9729qx_0.png,1bigvi/c9729qx_0_mask.png,1
1bigvi/c978035_0.png,1bigvi/c978035_0_mask.png,1
1bigvi/c96zxum_0.png,1bigvi/c96zxum_0_mask.png,1
1bigvi/c9705ty_0.png,1bigvi/c9705ty_0_mask.png,1
1bigvi/c970m97_0.png,1bigvi/c970m97_0_mask.png,1
1bigvi/c96z6j0_0.png,1bigvi/c96z6j0_0_mask.png,1
1bigvi/c96zee9_0.png,1bigvi/c96zee9_0_mask.png,1
1bigvi/c972p3n_0.png,1bigvi/c972p3n_0_mask.png,1
1bigvi/1bigvi_orig.png,,0
1bigvi/c97ai36_0.png,1bigvi/c97ai36_0_mask.png,1
1bigvi/c970mrg_0.png,1bigvi/c970mrg_0_mask.png,1
1bigvi/c970wej_0.png,1bigvi/c970wej_0_mask.png,1
1bigvi/c973pl2_0.png,1bigvi/c973pl2_0_mask.png,1
1bigvi/c9724qm_0.png,1bigvi/c9724qm_0_mask.png,1
1apbp2/c8zkjgp_0.png,1apbp2/c8zkjgp_0_mask.png,1
1apbp2/1apbp2_orig.png,,0
1b0kjn/1b0kjn_orig.png,,0
1b0kjn/c92hrf9_0.png,1b0kjn/c92hrf9_0_mask.png,1
1azru8/c92lydr_0.png,1azru8/c92lydr_0_mask.png,1
1azru8/c92a3eh_0.png,1azru8/c92a3eh_0_mask.png,1
1azru8/1azru8_orig.png,,0
1azru8/c92df1g_0.png,1azru8/c92df1g_0_mask.png,1
1azru8/c92jm4u_0.png,1azru8/c92jm4u_0_mask.png,1
1azru8/c929r39_0.png,1azru8/c929r39_0_mask.png,1
1cexsx/1cexsx_orig.png,,0
1cexsx/c9fxc80_0.png,1cexsx/c9fxc80_0_mask.png,1
1cexsx/c9fvtzk_0.png,1cexsx/c9fvtzk_0_mask.png,1
1cexsx/c9g6vta_0.png,1cexsx/c9g6vta_0_mask.png,1
1cexsx/c9g5nv8_0.png,1cexsx/c9g5nv8_0_mask.png,1
1cexsx/c9g5jrp_0.png,1cexsx/c9g5jrp_0_mask.png,1
1cexsx/c9g7604_0.png,1cexsx/c9g7604_0_mask.png,1
1cexsx/c9g5v1g_0.png,1cexsx/c9g5v1g_0_mask.png,1
1cexsx/c9g93re_0.png,1cexsx/c9g93re_0_mask.png,1
1cexsx/c9g35w2_0.png,1cexsx/c9g35w2_0_mask.png,1
1cexsx/c9fxudz_0.png,1cexsx/c9fxudz_0_mask.png,1
1cexsx/c9fyiz2_0.png,1cexsx/c9fyiz2_0_mask.png,1
1bqaw1/c99ilht_0.png,1bqaw1/c99ilht_0_mask.png,1
1bqaw1/c994ew8_0.png,1bqaw1/c994ew8_0_mask.png,1
1bqaw1/c99d1yy_0.png,1bqaw1/c99d1yy_0_mask.png,1
1bqaw1/c991rvp_0.png,1bqaw1/c991rvp_0_mask.png,1
1bqaw1/c992enl_0.png,1bqaw1/c992enl_0_mask.png,1
1bqaw1/c992737_0.png,1bqaw1/c992737_0_mask.png,1
1bqaw1/c990v3g_0.png,1bqaw1/c990v3g_0_mask.png,1
1bqaw1/c993ui8_0.png,1bqaw1/c993ui8_0_mask.png,1
1bqaw1/c9977lj_0.png,1bqaw1/c9977lj_0_mask.png,1
1bqaw1/c99b3oc_0.png,1bqaw1/c99b3oc_0_mask.png,1
1bqaw1/1bqaw1_orig.png,,0
1bqaw1/c996msq_0.png,1bqaw1/c996msq_0_mask.png,1
1bqaw1/c992d5i_0.png,1bqaw1/c992d5i_0_mask.png,1
1bqaw1/c995ny6_0.png,1bqaw1/c995ny6_0_mask.png,1
1bqaw1/c990uno_0.png,1bqaw1/c990uno_0_mask.png,1
1bqaw1/c99548p_0.png,1bqaw1/c99548p_0_mask.png,1
1bqaw1/c995efy_0.png,1bqaw1/c995efy_0_mask.png,1
1c03j4/c9bugf8_0.png,1c03j4/c9bugf8_0_mask.png,1
1c03j4/1c03j4_orig.png,,0
1bfbnf/c96cbvq_0.png,1bfbnf/c96cbvq_0_mask.png,1
1bfbnf/c96d5la_0.png,1bfbnf/c96d5la_0_mask.png,1
1bfbnf/c96blfp_0.png,1bfbnf/c96blfp_0_mask.png,1
1bfbnf/c96c9hk_0.png,1bfbnf/c96c9hk_0_mask.png,1
1bfbnf/c96dm5n_0.png,1bfbnf/c96dm5n_0_mask.png,1
1bfbnf/c96d4mq_0.png,1bfbnf/c96d4mq_0_mask.png,1
1bfbnf/c96c40d_0.png,1bfbnf/c96c40d_0_mask.png,1
1bfbnf/c96cglv_0.png,1bfbnf/c96cglv_0_mask.png,1
1bfbnf/c96dfr7_0.png,1bfbnf/c96dfr7_0_mask.png,1
1bfbnf/1bfbnf_orig.png,,0
1bfbnf/c96chir_0.png,1bfbnf/c96chir_0_mask.png,1
1bfbnf/c96cha8_0.png,1bfbnf/c96cha8_0_mask.png,1
1bfbnf/c96jvav_0.png,1bfbnf/c96jvav_0_mask.png,1
1ca8nm/c9eki1d_0.png,1ca8nm/c9eki1d_0_mask.png,1
1ca8nm/c9eqhuj_0.png,1ca8nm/c9eqhuj_0_mask.png,1
1ca8nm/1ca8nm_orig.png,,0
1ca8nm/c9epyi9_0.png,1ca8nm/c9epyi9_0_mask.png,1
1ca8nm/c9epo48_0.png,1ca8nm/c9epo48_0_mask.png,1
1ca8nm/c9elhr5_0.png,1ca8nm/c9elhr5_0_mask.png,1
1ca8nm/c9eqqy1_0.png,1ca8nm/c9eqqy1_0_mask.png,1
1ca8nm/c9ep601_0.png,1ca8nm/c9ep601_0_mask.png,1
1ca8nm/c9en86k_0.png,1ca8nm/c9en86k_0_mask.png,1
1ca8nm/c9eowm6_0.png,1ca8nm/c9eowm6_0_mask.png,1
1ca8nm/c9euxib_0.png,1ca8nm/c9euxib_0_mask.png,1
1ca8nm/c9elrrk_0.png,1ca8nm/c9elrrk_0_mask.png,1
1ca8nm/c9esffq_0.png,1ca8nm/c9esffq_0_mask.png,1
1awxvm/1awxvm_orig.png,,0
1awxvm/c91lgra_0.png,1awxvm/c91lgra_0_mask.png,1
1awxvm/c91mttb_0.png,1awxvm/c91mttb_0_mask.png,1
1awxvm/c91qncg_0.png,1awxvm/c91qncg_0_mask.png,1
1awxvm/c91o1ca_0.png,1awxvm/c91o1ca_0_mask.png,1
1awxvm/c91oecj_0.png,1awxvm/c91oecj_0_mask.png,1
1awxvm/c91kvfk_0.png,1awxvm/c91kvfk_0_mask.png,1
1awxvm/c91t61z_0.png,1awxvm/c91t61z_0_mask.png,1
1awxvm/c91nl9x_0.png,1awxvm/c91nl9x_0_mask.png,1
1awxvm/c91ot4e_0.png,1awxvm/c91ot4e_0_mask.png,1
1bx6fj/c9b0yv0_0.png,1bx6fj/c9b0yv0_0_mask.png,1
1bx6fj/c9b3g8m_0.png,1bx6fj/c9b3g8m_0_mask.png,1
1bx6fj/c9axqrl_0.png,1bx6fj/c9axqrl_0_mask.png,1
1bx6fj/c9axg8n_0.png,1bx6fj/c9axg8n_0_mask.png,1
1bx6fj/1bx6fj_orig.png,,0
1bx6fj/c9ay9o7_0.png,1bx6fj/c9ay9o7_0_mask.png,1
1b506d/c93p653_0.png,1b506d/c93p653_0_mask.png,1
1b506d/1b506d_orig.png,,0
1cglge/c9gkk0s_0.png,1cglge/c9gkk0s_0_mask.png,1
1cglge/c9gd2mj_0.png,1cglge/c9gd2mj_0_mask.png,1
1cglge/c9gfnnb_0.png,1cglge/c9gfnnb_0_mask.png,1
1cglge/1cglge_orig.png,,0
1cglge/c9gd6qy_0.png,1cglge/c9gd6qy_0_mask.png,1
1cglge/c9gck87_0.png,1cglge/c9gck87_0_mask.png,1
1cglge/c9gg5nc_0.png,1cglge/c9gg5nc_0_mask.png,1
1cglge/c9ghoad_0.png,1cglge/c9ghoad_0_mask.png,1
1cglge/c9ghgvz_0.png,1cglge/c9ghgvz_0_mask.png,1
1cglge/c9gdsx5_0.png,1cglge/c9gdsx5_0_mask.png,1
1cglge/c9gd8cq_0.png,1cglge/c9gd8cq_0_mask.png,1
1cglge/c9gfhtc_0.png,1cglge/c9gfhtc_0_mask.png,1
1cglge/c9gdyzr_0.png,1cglge/c9gdyzr_0_mask.png,1
1as3ai/c90d7x7_0.png,1as3ai/c90d7x7_0_mask.png,1
1as3ai/c908vvn_0.png,1as3ai/c908vvn_0_mask.png,1
1as3ai/c90ef5n_0.png,1as3ai/c90ef5n_0_mask.png,1
1as3ai/c90hy8l_0.png,1as3ai/c90hy8l_0_mask.png,1
1as3ai/c90c412_0.png,1as3ai/c90c412_0_mask.png,1
1as3ai/c90c2o3_0.png,1as3ai/c90c2o3_0_mask.png,1
1as3ai/c90d9fr_0.png,1as3ai/c90d9fr_0_mask.png,1
1as3ai/c90i4n3_0.png,1as3ai/c90i4n3_0_mask.png,1
1as3ai/c90oh9u_0.png,1as3ai/c90oh9u_0_mask.png,1
1as3ai/c90lr6w_0.png,1as3ai/c90lr6w_0_mask.png,1
1as3ai/1as3ai_orig.png,,0
1as3ai/c90dutg_0.png,1as3ai/c90dutg_0_mask.png,1
1as3ai/c90fxcd_0.png,1as3ai/c90fxcd_0_mask.png,1
1agrmz/1agrmz_orig.png,,0
1agrmz/c8xanp8_0.png,1agrmz/c8xanp8_0_mask.png,1
1agrmz/c8xd6bv_0.png,1agrmz/c8xd6bv_0_mask.png,1
1agrmz/c8xdawa_0.png,1agrmz/c8xdawa_0_mask.png,1
1agrmz/c8xariv_0.png,1agrmz/c8xariv_0_mask.png,1
1agrmz/c8xa1qd_0.png,1agrmz/c8xa1qd_0_mask.png,1
1agrmz/c8x9xkj_0.png,1agrmz/c8x9xkj_0_mask.png,1
1bek0p/c968x5d_0.png,1bek0p/c968x5d_0_mask.png,1
1bek0p/c96dewj_0.png,1bek0p/c96dewj_0_mask.png,1
1bek0p/c9684z1_0.png,1bek0p/c9684z1_0_mask.png,1
1bek0p/c968obk_0.png,1bek0p/c968obk_0_mask.png,1
1bek0p/c966md3_0.png,1bek0p/c966md3_0_mask.png,1
1bek0p/1bek0p_orig.png,,0
1bek0p/c968kn0_0.png,1bek0p/c968kn0_0_mask.png,1
1bek0p/c96euuf_0.png,1bek0p/c96euuf_0_mask.png,1
1bek0p/c96ese6_0.png,1bek0p/c96ese6_0_mask.png,1
1bek0p/c9689r9_0.png,1bek0p/c9689r9_0_mask.png,1
1bek0p/c96bh08_0.png,1bek0p/c96bh08_0_mask.png,1
1bek0p/c967vk6_0.png,1bek0p/c967vk6_0_mask.png,1
1bek0p/c968udn_0.png,1bek0p/c968udn_0_mask.png,1
1a9l4s/c8vcovx_0.png,1a9l4s/c8vcovx_0_mask.png,1
1a9l4s/c8vf42i_0.png,1a9l4s/c8vf42i_0_mask.png,1
1a9l4s/c8voq23_0.png,1a9l4s/c8voq23_0_mask.png,1
1a9l4s/c8vemkb_0.png,1a9l4s/c8vemkb_0_mask.png,1
1a9l4s/1a9l4s_orig.png,,0
1a9l4s/c8venih_0.png,1a9l4s/c8venih_0_mask.png,1
1a9l4s/c8vepqy_0.png,1a9l4s/c8vepqy_0_mask.png,1
1a9l4s/c8vjlk1_0.png,1a9l4s/c8vjlk1_0_mask.png,1
1a9l4s/c8vfd6x_0.png,1a9l4s/c8vfd6x_0_mask.png,1
1bs5ew/c99k5bh_0.png,1bs5ew/c99k5bh_0_mask.png,1
1bs5ew/1bs5ew_orig.png,,0
1bs5ew/c99lb7m_0.png,1bs5ew/c99lb7m_0_mask.png,1
1aa8xl/c8vol8v_0.png,1aa8xl/c8vol8v_0_mask.png,1
1aa8xl/c8vpmfd_0.png,1aa8xl/c8vpmfd_0_mask.png,1
1aa8xl/c8vizkp_0.png,1aa8xl/c8vizkp_0_mask.png,1
1aa8xl/c8vkbiq_0.png,1aa8xl/c8vkbiq_0_mask.png,1
1aa8xl/c8vkf28_0.png,1aa8xl/c8vkf28_0_mask.png,1
1aa8xl/1aa8xl_orig.png,,0
1aa8xl/c8vo3wv_0.png,1aa8xl/c8vo3wv_0_mask.png,1
1aa8xl/c8viohc_0.png,1aa8xl/c8viohc_0_mask.png,1
1aa8xl/c8vqeqw_0.png,1aa8xl/c8vqeqw_0_mask.png,1
1bczrg/c95uyty_0.png,1bczrg/c95uyty_0_mask.png,1
1bczrg/1bczrg_orig.png,,0
1c9vyj/1c9vyj_orig.png,,0
1c9vyj/c9eictw_0.png,1c9vyj/c9eictw_0_mask.png,1
1c9vyj/c9erwxd_0.png,1c9vyj/c9erwxd_0_mask.png,1
1c9vyj/c9ens87_0.png,1c9vyj/c9ens87_0_mask.png,1
1c9vyj/c9eierm_0.png,1c9vyj/c9eierm_0_mask.png,1
1cfc30/c9fzio7_0.png,1cfc30/c9fzio7_0_mask.png,1
1cfc30/c9g4vhi_0.png,1cfc30/c9g4vhi_0_mask.png,1
1cfc30/c9g4hr5_0.png,1cfc30/c9g4hr5_0_mask.png,1
1cfc30/c9g3oqm_0.png,1cfc30/c9g3oqm_0_mask.png,1
1cfc30/1cfc30_orig.png,,0
1brd95/c99hkdk_0.png,1brd95/c99hkdk_0_mask.png,1
1brd95/c99g3y1_0.png,1brd95/c99g3y1_0_mask.png,1
1brd95/c99bz7g_0.png,1brd95/c99bz7g_0_mask.png,1
1brd95/c99hksz_0.png,1brd95/c99hksz_0_mask.png,1
1brd95/c99lcrp_0.png,1brd95/c99lcrp_0_mask.png,1
1brd95/1brd95_orig.png,,0
1cek5i/c9fz0du_0.png,1cek5i/c9fz0du_0_mask.png,1
1cek5i/c9fxe3f_0.png,1cek5i/c9fxe3f_0_mask.png,1
1cek5i/c9fw1nt_0.png,1cek5i/c9fw1nt_0_mask.png,1
1cek5i/c9g1s99_0.png,1cek5i/c9g1s99_0_mask.png,1
1cek5i/c9fuxna_0.png,1cek5i/c9fuxna_0_mask.png,1
1cek5i/c9fvs3e_0.png,1cek5i/c9fvs3e_0_mask.png,1
1cek5i/1cek5i_orig.png,,0
1cek5i/c9fva3b_0.png,1cek5i/c9fva3b_0_mask.png,1
1cek5i/c9g1oc0_0.png,1cek5i/c9g1oc0_0_mask.png,1
1cfo9x/c9g5zv6_0.png,1cfo9x/c9g5zv6_0_mask.png,1
1cfo9x/c9g3114_0.png,1cfo9x/c9g3114_0_mask.png,1
1cfo9x/c9g3rke_0.png,1cfo9x/c9g3rke_0_mask.png,1
1cfo9x/c9g8384_0.png,1cfo9x/c9g8384_0_mask.png,1
1cfo9x/c9g80q7_0.png,1cfo9x/c9g80q7_0_mask.png,1
1cfo9x/1cfo9x_orig.png,,0
1cfo9x/c9g4p2k_0.png,1cfo9x/c9g4p2k_0_mask.png,1
1b68xn/c94ddtu_0.png,1b68xn/c94ddtu_0_mask.png,1
1b68xn/c9479yq_0.png,1b68xn/c9479yq_0_mask.png,1
1b68xn/c948ak3_0.png,1b68xn/c948ak3_0_mask.png,1
1b68xn/c944h7f_0.png,1b68xn/c944h7f_0_mask.png,1
1b68xn/1b68xn_orig.png,,0
1b68xn/c94epq9_0.png,1b68xn/c94epq9_0_mask.png,1
1b68xn/c948hfr_0.png,1b68xn/c948hfr_0_mask.png,1
1b68xn/c93z6zn_0.png,1b68xn/c93z6zn_0_mask.png,1
1b68xn/c94cmpk_0.png,1b68xn/c94cmpk_0_mask.png,1
1b68xn/c947jvq_0.png,1b68xn/c947jvq_0_mask.png,1
1b68xn/c946fyh_0.png,1b68xn/c946fyh_0_mask.png,1
1b68xn/c94amkh_0.png,1b68xn/c94amkh_0_mask.png,1
1b68xn/c9471hz_0.png,1b68xn/c9471hz_0_mask.png,1
1b68xn/c93zetz_0.png,1b68xn/c93zetz_0_mask.png,1
1b68xn/c949n9f_0.png,1b68xn/c949n9f_0_mask.png,1
1b68xn/c94ei0s_0.png,1b68xn/c94ei0s_0_mask.png,1
1b68xn/c94ctu2_0.png,1b68xn/c94ctu2_0_mask.png,1
1b68xn/c940xti_0.png,1b68xn/c940xti_0_mask.png,1
1bws7y/c9au1qa_0.png,1bws7y/c9au1qa_0_mask.png,1
1bws7y/c9atngk_0.png,1bws7y/c9atngk_0_mask.png,1
1bws7y/c9atqpq_0.png,1bws7y/c9atqpq_0_mask.png,1
1bws7y/1bws7y_orig.png,,0
1aut4s/c90xtlr_0.png,1aut4s/c90xtlr_0_mask.png,1
1aut4s/c911vlp_0.png,1aut4s/c911vlp_0_mask.png,1
1aut4s/c90zhs7_0.png,1aut4s/c90zhs7_0_mask.png,1
1aut4s/1aut4s_orig.png,,0
1aut4s/c912yu8_0.png,1aut4s/c912yu8_0_mask.png,1
1aut4s/c90zh16_0.png,1aut4s/c90zh16_0_mask.png,1
1aut4s/c90znhl_0.png,1aut4s/c90znhl_0_mask.png,1
1aut4s/c912un2_0.png,1aut4s/c912un2_0_mask.png,1
1aut4s/c910bn6_0.png,1aut4s/c910bn6_0_mask.png,1
1aut4s/c911e7z_0.png,1aut4s/c911e7z_0_mask.png,1
1aut4s/c91681h_0.png,1aut4s/c91681h_0_mask.png,1
1aut4s/c9132um_0.png,1aut4s/c9132um_0_mask.png,1
1aut4s/c91338s_0.png,1aut4s/c91338s_0_mask.png,1
1aut4s/c90z7wb_0.png,1aut4s/c90z7wb_0_mask.png,1
1aut4s/c91416c_0.png,1aut4s/c91416c_0_mask.png,1
1aut4s/c910wxp_0.png,1aut4s/c910wxp_0_mask.png,1
1aut4s/c919ztm_0.png,1aut4s/c919ztm_0_mask.png,1
1aut4s/c910i2y_0.png,1aut4s/c910i2y_0_mask.png,1
1aut4s/c9187tg_0.png,1aut4s/c9187tg_0_mask.png,1
1aut4s/c90yb6c_0.png,1aut4s/c90yb6c_0_mask.png,1
1aut4s/c90znpe_0.png,1aut4s/c90znpe_0_mask.png,1
1cg3vm/1cg3vm_orig.png,,0
1cg3vm/c9g9t6z_0.png,1cg3vm/c9g9t6z_0_mask.png,1
1bbpcg/c95fx63_0.png,1bbpcg/c95fx63_0_mask.png,1
1bbpcg/c95ftu6_0.png,1bbpcg/c95ftu6_0_mask.png,1
1bbpcg/c95mkhb_0.png,1bbpcg/c95mkhb_0_mask.png,1
1bbpcg/c95gjg9_0.png,1bbpcg/c95gjg9_0_mask.png,1
1bbpcg/c95lr06_0.png,1bbpcg/c95lr06_0_mask.png,1
1bbpcg/1bbpcg_orig.png,,0
1as2hj/c909zbe_0.png,1as2hj/c909zbe_0_mask.png,1
1as2hj/1as2hj_orig.png,,0
1as2hj/c908yxz_0.png,1as2hj/c908yxz_0_mask.png,1
1as2hj/c90g2uu_0.png,1as2hj/c90g2uu_0_mask.png,1
1b3t1x/c93czl5_0.png,1b3t1x/c93czl5_0_mask.png,1
1b3t1x/1b3t1x_orig.png,,0
1amtqf/c8yvmji_0.png,1amtqf/c8yvmji_0_mask.png,1
1amtqf/1amtqf_orig.png,,0
1amtqf/c8yv0ld_0.png,1amtqf/c8yv0ld_0_mask.png,1
1c56yh/c9d9dft_0.png,1c56yh/c9d9dft_0_mask.png,1
1c56yh/c9d7js8_0.png,1c56yh/c9d7js8_0_mask.png,1
1c56yh/c9d5i6n_0.png,1c56yh/c9d5i6n_0_mask.png,1
1c56yh/c9d617b_0.png,1c56yh/c9d617b_0_mask.png,1
1c56yh/1c56yh_orig.png,,0
1c56yh/c9d81o3_0.png,1c56yh/c9d81o3_0_mask.png,1
1aa6sn/1aa6sn_orig.png,,0
1aa6sn/c8vgphr_0.png,1aa6sn/c8vgphr_0_mask.png,1
1cfau1/1cfau1_orig.png,,0
1cfau1/c9g3a9c_0.png,1cfau1/c9g3a9c_0_mask.png,1
1cfau1/c9g2fgf_0.png,1cfau1/c9g2fgf_0_mask.png,1
1aws4w/c91h0oh_0.png,1aws4w/c91h0oh_0_mask.png,1
1aws4w/1aws4w_orig.png,,0
1aws4w/c91js2j_0.png,1aws4w/c91js2j_0_mask.png,1
1b29hp/c930hby_0.png,1b29hp/c930hby_0_mask.png,1
1b29hp/1b29hp_orig.png,,0
1b1vqv/1b1vqv_orig.png,,0
1b1vqv/c92wjsi_0.png,1b1vqv/c92wjsi_0_mask.png,1
1b1vqv/c92va3t_0.png,1b1vqv/c92va3t_0_mask.png,1
1b61h7/c944m4x_0.png,1b61h7/c944m4x_0_mask.png,1
1b61h7/c93yj46_0.png,1b61h7/c93yj46_0_mask.png,1
1b61h7/c942wsd_0.png,1b61h7/c942wsd_0_mask.png,1
1b61h7/1b61h7_orig.png,,0
1b61h7/c93yxq8_0.png,1b61h7/c93yxq8_0_mask.png,1
1b61h7/c9418yh_0.png,1b61h7/c9418yh_0_mask.png,1
1b61h7/c942gr7_0.png,1b61h7/c942gr7_0_mask.png,1
1b61h7/c93zcf5_0.png,1b61h7/c93zcf5_0_mask.png,1
1b61h7/c94dlao_0.png,1b61h7/c94dlao_0_mask.png,1
1bjy9b/c97l4h2_0.png,1bjy9b/c97l4h2_0_mask.png,1
1bjy9b/c97ofea_0.png,1bjy9b/c97ofea_0_mask.png,1
1bjy9b/c97jfxe_0.png,1bjy9b/c97jfxe_0_mask.png,1
1bjy9b/c97g287_0.png,1bjy9b/c97g287_0_mask.png,1
1bjy9b/c97gn0w_0.png,1bjy9b/c97gn0w_0_mask.png,1
1bjy9b/1bjy9b_orig.png,,0
1cb58x/c9euw8c_0.png,1cb58x/c9euw8c_0_mask.png,1
1cb58x/c9etyea_0.png,1cb58x/c9etyea_0_mask.png,1
1cb58x/1cb58x_orig.png,,0
1c7ljf/c9dwcgf_0.png,1c7ljf/c9dwcgf_0_mask.png,1
1c7ljf/c9durpw_0.png,1c7ljf/c9durpw_0_mask.png,1
1c7ljf/1c7ljf_orig.png,,0
1a07yi/c8swtoq_0.png,1a07yi/c8swtoq_0_mask.png,1
1a07yi/1a07yi_orig.png,,0
1bafx4/1bafx4_orig.png,,0
1bafx4/c956l7o_0.png,1bafx4/c956l7o_0_mask.png,1
1bafx4/c957x7p_0.png,1bafx4/c957x7p_0_mask.png,1
1bluhu/c97vf7q_0.png,1bluhu/c97vf7q_0_mask.png,1
1bluhu/1bluhu_orig.png,,0
1bluhu/c9876y4_0.png,1bluhu/c9876y4_0_mask.png,1
1bluhu/c97up6j_0.png,1bluhu/c97up6j_0_mask.png,1
1bluhu/c97vlit_0.png,1bluhu/c97vlit_0_mask.png,1
1b9voq/c952ngn_0.png,1b9voq/c952ngn_0_mask.png,1
1b9voq/1b9voq_orig.png,,0
1b9voq/c952g1p_0.png,1b9voq/c952g1p_0_mask.png,1
1b9voq/c952fpe_0.png,1b9voq/c952fpe_0_mask.png,1
1c7xcf/c9e4i0n_0.png,1c7xcf/c9e4i0n_0_mask.png,1
1c7xcf/c9dwwid_0.png,1c7xcf/c9dwwid_0_mask.png,1
1c7xcf/c9e3ftk_0.png,1c7xcf/c9e3ftk_0_mask.png,1
1c7xcf/c9e3pq0_0.png,1c7xcf/c9e3pq0_0_mask.png,1
1c7xcf/c9e4ble_0.png,1c7xcf/c9e4ble_0_mask.png,1
1c7xcf/c9eayk3_0.png,1c7xcf/c9eayk3_0_mask.png,1
1c7xcf/c9dxbvt_0.png,1c7xcf/c9dxbvt_0_mask.png,1
1c7xcf/c9e4pg2_0.png,1c7xcf/c9e4pg2_0_mask.png,1
1c7xcf/1c7xcf_orig.png,,0
1asnfa/1asnfa_orig.png,,0
1asnfa/c90dujh_0.png,1asnfa/c90dujh_0_mask.png,1
1axr5s/1axr5s_orig.png,,0
1axr5s/c91s2tg_0.png,1axr5s/c91s2tg_0_mask.png,1
1c055r/1c055r_orig.png,,0
1c055r/c9bttk4_0.png,1c055r/c9bttk4_0_mask.png,1
1c055r/c9bt9ta_0.png,1c055r/c9bt9ta_0_mask.png,1
1awq0s/c91gqec_0.png,1awq0s/c91gqec_0_mask.png,1
1awq0s/1awq0s_orig.png,,0
1awq0s/c91hclm_0.png,1awq0s/c91hclm_0_mask.png,1
1awq0s/c91gxlz_0.png,1awq0s/c91gxlz_0_mask.png,1
1awq0s/c91h8oi_0.png,1awq0s/c91h8oi_0_mask.png,1
1awq0s/c91lxbv_0.png,1awq0s/c91lxbv_0_mask.png,1
1awq0s/c91g0zs_0.png,1awq0s/c91g0zs_0_mask.png,1
1bircs/1bircs_orig.png,,0
1bircs/c970ssc_0.png,1bircs/c970ssc_0_mask.png,1
1aafqb/1aafqb_orig.png,,0
1aafqb/c8vkb96_0.png,1aafqb/c8vkb96_0_mask.png,1
1bl2e5/c97ot02_0.png,1bl2e5/c97ot02_0_mask.png,1
1bl2e5/c97mvm4_0.png,1bl2e5/c97mvm4_0_mask.png,1
1bl2e5/c97pbie_0.png,1bl2e5/c97pbie_0_mask.png,1
1bl2e5/c97xpjh_0.png,1bl2e5/c97xpjh_0_mask.png,1
1bl2e5/1bl2e5_orig.png,,0
1bl2e5/c97p12w_0.png,1bl2e5/c97p12w_0_mask.png,1
1bl2e5/c97ub08_0.png,1bl2e5/c97ub08_0_mask.png,1
1bl2e5/c97n72x_0.png,1bl2e5/c97n72x_0_mask.png,1
1b40l4/c93j7x2_0.png,1b40l4/c93j7x2_0_mask.png,1
1b40l4/c93i12g_0.png,1b40l4/c93i12g_0_mask.png,1
1b40l4/c93g8n1_0.png,1b40l4/c93g8n1_0_mask.png,1
1b40l4/c93ie4w_0.png,1b40l4/c93ie4w_0_mask.png,1
1b40l4/c93l76u_0.png,1b40l4/c93l76u_0_mask.png,1
1b40l4/c93ewwm_0.png,1b40l4/c93ewwm_0_mask.png,1
1b40l4/c93gd4c_0.png,1b40l4/c93gd4c_0_mask.png,1
1b40l4/c93hgyn_0.png,1b40l4/c93hgyn_0_mask.png,1
1b40l4/1b40l4_orig.png,,0
1b40l4/c93e2q1_0.png,1b40l4/c93e2q1_0_mask.png,1
1b40l4/c93gtrk_0.png,1b40l4/c93gtrk_0_mask.png,1
1b40l4/c93ft3o_0.png,1b40l4/c93ft3o_0_mask.png,1
1b40l4/c93is7s_0.png,1b40l4/c93is7s_0_mask.png,1
1b40l4/c93f747_0.png,1b40l4/c93f747_0_mask.png,1
1b40l4/c93gg4y_0.png,1b40l4/c93gg4y_0_mask.png,1
1azcvv/c926it4_0.png,1azcvv/c926it4_0_mask.png,1
1azcvv/1azcvv_orig.png,,0
1azcvv/c929k2x_0.png,1azcvv/c929k2x_0_mask.png,1
1azcvv/c92fby0_0.png,1azcvv/c92fby0_0_mask.png,1
1azcvv/c92ebc2_0.png,1azcvv/c92ebc2_0_mask.png,1
1azcvv/c92eu2z_0.png,1azcvv/c92eu2z_0_mask.png,1
1azcvv/c92be1o_0.png,1azcvv/c92be1o_0_mask.png,1
1azcvv/c92b5tv_0.png,1azcvv/c92b5tv_0_mask.png,1
1a1ogs/1a1ogs_orig.png,,0
1a1ogs/c8tf5mq_0.png,1a1ogs/c8tf5mq_0_mask.png,1
1bmqiu/c98625n_0.png,1bmqiu/c98625n_0_mask.png,1
1bmqiu/c986lv8_0.png,1bmqiu/c986lv8_0_mask.png,1
1bmqiu/1bmqiu_orig.png,,0
1bmqiu/c987c52_0.png,1bmqiu/c987c52_0_mask.png,1
1bmqiu/c987rum_0.png,1bmqiu/c987rum_0_mask.png,1
1bmqiu/c985sf9_0.png,1bmqiu/c985sf9_0_mask.png,1
1bmqiu/c98a70p_0.png,1bmqiu/c98a70p_0_mask.png,1
1brscw/1brscw_orig.png,,0
1brscw/c99gesu_0.png,1brscw/c99gesu_0_mask.png,1
1brscw/c99g8d8_0.png,1brscw/c99g8d8_0_mask.png,1
1brscw/c99grkg_0.png,1brscw/c99grkg_0_mask.png,1
1brscw/c99i7gc_0.png,1brscw/c99i7gc_0_mask.png,1
1brscw/c99ll0f_0.png,1brscw/c99ll0f_0_mask.png,1
1ahtfm/c8xkcsl_0.png,1ahtfm/c8xkcsl_0_mask.png,1
1ahtfm/1ahtfm_orig.png,,0
1c4ze8/c9d9e1a_0.png,1c4ze8/c9d9e1a_0_mask.png,1
1c4ze8/1c4ze8_orig.png,,0
1c4ze8/c9d41vh_0.png,1c4ze8/c9d41vh_0_mask.png,1
1c4ze8/c9d38jl_0.png,1c4ze8/c9d38jl_0_mask.png,1
1c4ze8/c9d37je_0.png,1c4ze8/c9d37je_0_mask.png,1
1c4ze8/c9d3l1c_0.png,1c4ze8/c9d3l1c_0_mask.png,1
1c4ze8/c9d2t1a_0.png,1c4ze8/c9d2t1a_0_mask.png,1
1ah0n7/c8xgdhj_0.png,1ah0n7/c8xgdhj_0_mask.png,1
1ah0n7/1ah0n7_orig.png,,0
1ah0n7/c8xfpsi_0.png,1ah0n7/c8xfpsi_0_mask.png,1
1c8xyn/c9e9r5q_0.png,1c8xyn/c9e9r5q_0_mask.png,1
1c8xyn/c9e9teg_0.png,1c8xyn/c9e9teg_0_mask.png,1
1c8xyn/1c8xyn_orig.png,,0
1c8xyn/c9e7x90_0.png,1c8xyn/c9e7x90_0_mask.png,1
1b4a9x/c93hbzp_0.png,1b4a9x/c93hbzp_0_mask.png,1
1b4a9x/c93me8y_0.png,1b4a9x/c93me8y_0_mask.png,1
1b4a9x/1b4a9x_orig.png,,0
1b4a9x/c93ls41_0.png,1b4a9x/c93ls41_0_mask.png,1
1b4a9x/c93idi8_0.png,1b4a9x/c93idi8_0_mask.png,1
1b4a9x/c93hwyp_0.png,1b4a9x/c93hwyp_0_mask.png,1
1b4a9x/c93mz9d_0.png,1b4a9x/c93mz9d_0_mask.png,1
1btup8/c9a5zop_0.png,1btup8/c9a5zop_0_mask.png,1
1btup8/1btup8_orig.png,,0
1b2ynb/c935hvo_0.png,1b2ynb/c935hvo_0_mask.png,1
1b2ynb/1b2ynb_orig.png,,0
1b2ynb/c938omt_0.png,1b2ynb/c938omt_0_mask.png,1
1b2ynb/c934im7_0.png,1b2ynb/c934im7_0_mask.png,1
1b2ynb/c9350xa_0.png,1b2ynb/c9350xa_0_mask.png,1
1b2ynb/c936lfy_0.png,1b2ynb/c936lfy_0_mask.png,1
1b2ynb/c935n1j_0.png,1b2ynb/c935n1j_0_mask.png,1
1b2ynb/c935pb2_0.png,1b2ynb/c935pb2_0_mask.png,1
1b2ynb/c933r08_0.png,1b2ynb/c933r08_0_mask.png,1
1b2ynb/c936xo5_0.png,1b2ynb/c936xo5_0_mask.png,1
1chs2a/c9gtlnu_0.png,1chs2a/c9gtlnu_0_mask.png,1
1chs2a/c9gtkcd_0.png,1chs2a/c9gtkcd_0_mask.png,1
1chs2a/c9gs7bm_0.png,1chs2a/c9gs7bm_0_mask.png,1
1chs2a/c9grv2t_0.png,1chs2a/c9grv2t_0_mask.png,1
1chs2a/1chs2a_orig.png,,0
1chs2a/c9gsyda_0.png,1chs2a/c9gsyda_0_mask.png,1
1cdqz3/c9fqbs0_0.png,1cdqz3/c9fqbs0_0_mask.png,1
1cdqz3/c9fj64j_0.png,1cdqz3/c9fj64j_0_mask.png,1
1cdqz3/c9fjq1l_0.png,1cdqz3/c9fjq1l_0_mask.png,1
1cdqz3/c9fl0yy_0.png,1cdqz3/c9fl0yy_0_mask.png,1
1cdqz3/1cdqz3_orig.png,,0
1cdqz3/c9fmrsm_0.png,1cdqz3/c9fmrsm_0_mask.png,1
1cdqz3/c9fntrg_0.png,1cdqz3/c9fntrg_0_mask.png,1
1cdqz3/c9fl1lk_0.png,1cdqz3/c9fl1lk_0_mask.png,1
1cdqz3/c9fjobh_0.png,1cdqz3/c9fjobh_0_mask.png,1
1cdqz3/c9fxdln_0.png,1cdqz3/c9fxdln_0_mask.png,1
1cdqz3/c9fl051_0.png,1cdqz3/c9fl051_0_mask.png,1
1cdqz3/c9fnyyh_0.png,1cdqz3/c9fnyyh_0_mask.png,1
1cdqz3/c9fmv7c_0.png,1cdqz3/c9fmv7c_0_mask.png,1
1cdqz3/c9fmaeu_0.png,1cdqz3/c9fmaeu_0_mask.png,1
1bcy4k/c95y02z_0.png,1bcy4k/c95y02z_0_mask.png,1
1bcy4k/c95t0d9_0.png,1bcy4k/c95t0d9_0_mask.png,1
1bcy4k/1bcy4k_orig.png,,0
1bcy4k/c95woiz_0.png,1bcy4k/c95woiz_0_mask.png,1
1bcy4k/c95xmd0_0.png,1bcy4k/c95xmd0_0_mask.png,1
1bcy4k/c95z458_0.png,1bcy4k/c95z458_0_mask.png,1
1bcy4k/c95qbrf_0.png,1bcy4k/c95qbrf_0_mask.png,1
1bcy4k/c95uufr_0.png,1bcy4k/c95uufr_0_mask.png,1
1bcy4k/c95ugiv_0.png,1bcy4k/c95ugiv_0_mask.png,1
1bcy4k/c95srb7_0.png,1bcy4k/c95srb7_0_mask.png,1
1bcy4k/c95wc8c_0.png,1bcy4k/c95wc8c_0_mask.png,1
1bcy4k/c95wl0v_0.png,1bcy4k/c95wl0v_0_mask.png,1
1aq6ym/c90580v_0.png,1aq6ym/c90580v_0_mask.png,1
1aq6ym/c8zsnr4_0.png,1aq6ym/c8zsnr4_0_mask.png,1
1aq6ym/c8zymv9_0.png,1aq6ym/c8zymv9_0_mask.png,1
1aq6ym/1aq6ym_orig.png,,0
1aq6ym/c8ztu03_0.png,1aq6ym/c8ztu03_0_mask.png,1
1aq6ym/c8zvzmp_0.png,1aq6ym/c8zvzmp_0_mask.png,1
1aq6ym/c8zw8i7_0.png,1aq6ym/c8zw8i7_0_mask.png,1
1aq6ym/c8zstoa_0.png,1aq6ym/c8zstoa_0_mask.png,1
1aq6ym/c8zta7f_0.png,1aq6ym/c8zta7f_0_mask.png,1
1aq6ym/c8zqh4c_0.png,1aq6ym/c8zqh4c_0_mask.png,1
1aq6ym/c8zt718_0.png,1aq6ym/c8zt718_0_mask.png,1
1aq6ym/c8zuhhz_0.png,1aq6ym/c8zuhhz_0_mask.png,1
1aq6ym/c9026js_0.png,1aq6ym/c9026js_0_mask.png,1
1aq6ym/c8zttpz_0.png,1aq6ym/c8zttpz_0_mask.png,1
1aq6ym/c8ztmnk_0.png,1aq6ym/c8ztmnk_0_mask.png,1
1aq6ym/c8zwpv6_0.png,1aq6ym/c8zwpv6_0_mask.png,1
1aq6ym/c8zsg4j_0.png,1aq6ym/c8zsg4j_0_mask.png,1
1bzno4/c9bm4rt_0.png,1bzno4/c9bm4rt_0_mask.png,1
1bzno4/c9bncio_0.png,1bzno4/c9bncio_0_mask.png,1
1bzno4/1bzno4_orig.png,,0
1bzno4/c9bse2z_0.png,1bzno4/c9bse2z_0_mask.png,1
1bzno4/c9bmy3r_0.png,1bzno4/c9bmy3r_0_mask.png,1
1bzno4/c9bmply_0.png,1bzno4/c9bmply_0_mask.png,1
1bzno4/c9bmw1x_0.png,1bzno4/c9bmw1x_0_mask.png,1
1bzno4/c9bns5o_0.png,1bzno4/c9bns5o_0_mask.png,1
1bzno4/c9bn5v6_0.png,1bzno4/c9bn5v6_0_mask.png,1
1bzno4/c9bq4ri_0.png,1bzno4/c9bq4ri_0_mask.png,1
1bzno4/c9br8f7_0.png,1bzno4/c9br8f7_0_mask.png,1
1bzno4/c9bn6ip_0.png,1bzno4/c9bn6ip_0_mask.png,1
1bajww/1bajww_orig.png,,0
1bajww/c958b7f_0.png,1bajww/c958b7f_0_mask.png,1
1bajww/c956yew_0.png,1bajww/c956yew_0_mask.png,1
1bajww/c956eb7_0.png,1bajww/c956eb7_0_mask.png,1
1afc31/1afc31_orig.png,,0
1afc31/c8wyxuh_0.png,1afc31/c8wyxuh_0_mask.png,1
1afcns/1afcns_orig.png,,0
1afcns/c8wxqdn_0.png,1afcns/c8wxqdn_0_mask.png,1
1c9e7e/c9ed1is_0.png,1c9e7e/c9ed1is_0_mask.png,1
1c9e7e/c9ecs0x_0.png,1c9e7e/c9ecs0x_0_mask.png,1
1c9e7e/c9ed8pk_0.png,1c9e7e/c9ed8pk_0_mask.png,1
1c9e7e/c9eddxz_0.png,1c9e7e/c9eddxz_0_mask.png,1
1c9e7e/1c9e7e_orig.png,,0
1c9e7e/c9ec9j2_0.png,1c9e7e/c9ec9j2_0_mask.png,1
1c9e7e/c9ebxsh_0.png,1c9e7e/c9ebxsh_0_mask.png,1
1c9e7e/c9ehqe2_0.png,1c9e7e/c9ehqe2_0_mask.png,1
1c9e7e/c9ece0x_0.png,1c9e7e/c9ece0x_0_mask.png,1
1c9e7e/c9ec1il_0.png,1c9e7e/c9ec1il_0_mask.png,1
1c9e7e/c9ee26f_0.png,1c9e7e/c9ee26f_0_mask.png,1
1c9e7e/c9ecnrt_0.png,1c9e7e/c9ecnrt_0_mask.png,1
1bza2v/1bza2v_orig.png,,0
1bza2v/c9bly1t_0.png,1bza2v/c9bly1t_0_mask.png,1
1bza2v/c9bld2v_0.png,1bza2v/c9bld2v_0_mask.png,1
1bza2v/c9brtmx_0.png,1bza2v/c9brtmx_0_mask.png,1
1bza2v/c9bqr3l_0.png,1bza2v/c9bqr3l_0_mask.png,1
1bza2v/c9biybz_0.png,1bza2v/c9biybz_0_mask.png,1
1bza2v/c9bkfb3_0.png,1bza2v/c9bkfb3_0_mask.png,1
1bza2v/c9booko_0.png,1bza2v/c9booko_0_mask.png,1
1bza2v/c9bldch_0.png,1bza2v/c9bldch_0_mask.png,1
1ch2bt/c9ggl99_0.png,1ch2bt/c9ggl99_0_mask.png,1
1ch2bt/1ch2bt_orig.png,,0
1ch2bt/c9gmqwd_0.png,1ch2bt/c9gmqwd_0_mask.png,1
1ch2bt/c9gn0vx_0.png,1ch2bt/c9gn0vx_0_mask.png,1
1bbmcy/c95kdy8_0.png,1bbmcy/c95kdy8_0_mask.png,1
1bbmcy/c95hyjq_0.png,1bbmcy/c95hyjq_0_mask.png,1
1bbmcy/1bbmcy_orig.png,,0
1bbmcy/c95flen_0.png,1bbmcy/c95flen_0_mask.png,1
1bbmcy/c95ku3b_0.png,1bbmcy/c95ku3b_0_mask.png,1
1aidqf/c8xujpn_0.png,1aidqf/c8xujpn_0_mask.png,1
1aidqf/c8xtrds_0.png,1aidqf/c8xtrds_0_mask.png,1
1aidqf/1aidqf_orig.png,,0
1ahawd/c8xhzdr_0.png,1ahawd/c8xhzdr_0_mask.png,1
1ahawd/c8xgnf4_0.png,1ahawd/c8xgnf4_0_mask.png,1
1ahawd/1ahawd_orig.png,,0
1al8bl/1al8bl_orig.png,,0
1al8bl/c8yfhte_0.png,1al8bl/c8yfhte_0_mask.png,1
1atm1o/c90ra8t_0.png,1atm1o/c90ra8t_0_mask.png,1
1atm1o/c90mtx6_0.png,1atm1o/c90mtx6_0_mask.png,1
1atm1o/c90rlp6_0.png,1atm1o/c90rlp6_0_mask.png,1
1atm1o/c90sb3t_0.png,1atm1o/c90sb3t_0_mask.png,1
1atm1o/c90pt3k_0.png,1atm1o/c90pt3k_0_mask.png,1
1atm1o/c90omlo_0.png,1atm1o/c90omlo_0_mask.png,1
1atm1o/c90os5y_0.png,1atm1o/c90os5y_0_mask.png,1
1atm1o/c90q0i2_0.png,1atm1o/c90q0i2_0_mask.png,1
1atm1o/c90prjy_0.png,1atm1o/c90prjy_0_mask.png,1
1atm1o/c90okur_0.png,1atm1o/c90okur_0_mask.png,1
1atm1o/c90o79c_0.png,1atm1o/c90o79c_0_mask.png,1
1atm1o/c90q79y_0.png,1atm1o/c90q79y_0_mask.png,1
1atm1o/1atm1o_orig.png,,0
1atm1o/c90sp6y_0.png,1atm1o/c90sp6y_0_mask.png,1
1afvdd/1afvdd_orig.png,,0
1afvdd/c8x1pe8_0.png,1afvdd/c8x1pe8_0_mask.png,1
1afvdd/c8x2s20_0.png,1afvdd/c8x2s20_0_mask.png,1
1a16mu/c8t64te_0.png,1a16mu/c8t64te_0_mask.png,1
1a16mu/1a16mu_orig.png,,0
1a16mu/c8t9rsw_0.png,1a16mu/c8t9rsw_0_mask.png,1
1b1pdg/c92s0oq_0.png,1b1pdg/c92s0oq_0_mask.png,1
1b1pdg/c92vzrm_0.png,1b1pdg/c92vzrm_0_mask.png,1
1b1pdg/c92us74_0.png,1b1pdg/c92us74_0_mask.png,1
1b1pdg/c92xk95_0.png,1b1pdg/c92xk95_0_mask.png,1
1b1pdg/1b1pdg_orig.png,,0
1b1pdg/c92vi3h_0.png,1b1pdg/c92vi3h_0_mask.png,1
1b1pdg/c92s1zk_0.png,1b1pdg/c92s1zk_0_mask.png,1
1c2bbr/c9ccedw_0.png,1c2bbr/c9ccedw_0_mask.png,1
1c2bbr/c9cefz7_0.png,1c2bbr/c9cefz7_0_mask.png,1
1c2bbr/1c2bbr_orig.png,,0
1c2bbr/c9ceg0w_0.png,1c2bbr/c9ceg0w_0_mask.png,1
1c2bbr/c9cmtkc_0.png,1c2bbr/c9cmtkc_0_mask.png,1
1c2bbr/c9cgjfv_0.png,1c2bbr/c9cgjfv_0_mask.png,1
1c2bbr/c9cd7xe_0.png,1c2bbr/c9cd7xe_0_mask.png,1
1c2bbr/c9chbnh_0.png,1c2bbr/c9chbnh_0_mask.png,1
1bawri/c95biez_0.png,1bawri/c95biez_0_mask.png,1
1bawri/1bawri_orig.png,,0
1c322x/c9cnst8_0.png,1c322x/c9cnst8_0_mask.png,1
1c322x/c9cu6ad_0.png,1c322x/c9cu6ad_0_mask.png,1
1c322x/c9clzrj_0.png,1c322x/c9clzrj_0_mask.png,1
1c322x/1c322x_orig.png,,0
1c322x/c9ck0j3_0.png,1c322x/c9ck0j3_0_mask.png,1
1c322x/c9cser1_0.png,1c322x/c9cser1_0_mask.png,1
1c322x/c9cj5xa_0.png,1c322x/c9cj5xa_0_mask.png,1
1cd24q/c9fdzmf_0.png,1cd24q/c9fdzmf_0_mask.png,1
1cd24q/1cd24q_orig.png,,0
1cd24q/c9fep2z_0.png,1cd24q/c9fep2z_0_mask.png,1
1bur91/c9anple_0.png,1bur91/c9anple_0_mask.png,1
1bur91/1bur91_orig.png,,0
1bur91/c9af975_0.png,1bur91/c9af975_0_mask.png,1
1bur91/c9aamu4_0.png,1bur91/c9aamu4_0_mask.png,1
1bur91/c9ag2ll_0.png,1bur91/c9ag2ll_0_mask.png,1
1bur91/c9abx9g_0.png,1bur91/c9abx9g_0_mask.png,1
1bur91/c9aati3_0.png,1bur91/c9aati3_0_mask.png,1
1bur91/c9abrtp_0.png,1bur91/c9abrtp_0_mask.png,1
1bur91/c9acbml_0.png,1bur91/c9acbml_0_mask.png,1
1aeqsl/c8wrw4f_0.png,1aeqsl/c8wrw4f_0_mask.png,1
1aeqsl/c8wuvts_0.png,1aeqsl/c8wuvts_0_mask.png,1
1aeqsl/c8wrglm_0.png,1aeqsl/c8wrglm_0_mask.png,1
1aeqsl/c8wrczy_0.png,1aeqsl/c8wrczy_0_mask.png,1
1aeqsl/c8wufvd_0.png,1aeqsl/c8wufvd_0_mask.png,1
1aeqsl/c8x0x1t_0.png,1aeqsl/c8x0x1t_0_mask.png,1
1aeqsl/1aeqsl_orig.png,,0
1aeqsl/c8wtjmm_0.png,1aeqsl/c8wtjmm_0_mask.png,1
1aeqsl/c8wsol6_0.png,1aeqsl/c8wsol6_0_mask.png,1
1aeqsl/c8wtc5y_0.png,1aeqsl/c8wtc5y_0_mask.png,1
1b8r7b/c94pvw7_0.png,1b8r7b/c94pvw7_0_mask.png,1
1b8r7b/c94q8ji_0.png,1b8r7b/c94q8ji_0_mask.png,1
1b8r7b/c94oxzj_0.png,1b8r7b/c94oxzj_0_mask.png,1
1b8r7b/c94pw6i_0.png,1b8r7b/c94pw6i_0_mask.png,1
1b8r7b/c94p9wa_0.png,1b8r7b/c94p9wa_0_mask.png,1
1b8r7b/c94qgem_0.png,1b8r7b/c94qgem_0_mask.png,1
1b8r7b/c94r82x_0.png,1b8r7b/c94r82x_0_mask.png,1
1b8r7b/c94s6nu_0.png,1b8r7b/c94s6nu_0_mask.png,1
1b8r7b/c94rx11_0.png,1b8r7b/c94rx11_0_mask.png,1
1b8r7b/c94odrd_0.png,1b8r7b/c94odrd_0_mask.png,1
1b8r7b/c94o5rb_0.png,1b8r7b/c94o5rb_0_mask.png,1
1b8r7b/c94o4hp_0.png,1b8r7b/c94o4hp_0_mask.png,1
1b8r7b/c94tbw3_0.png,1b8r7b/c94tbw3_0_mask.png,1
1b8r7b/c94qh20_0.png,1b8r7b/c94qh20_0_mask.png,1
1b8r7b/1b8r7b_orig.png,,0
1b8r7b/c94objl_0.png,1b8r7b/c94objl_0_mask.png,1
1b8r7b/c94pnq5_0.png,1b8r7b/c94pnq5_0_mask.png,1
1b8r7b/c94ueeu_0.png,1b8r7b/c94ueeu_0_mask.png,1
1b8r7b/c94qp39_0.png,1b8r7b/c94qp39_0_mask.png,1
1b8r7b/c94q3kl_0.png,1b8r7b/c94q3kl_0_mask.png,1
1b8r7b/c94nt6e_0.png,1b8r7b/c94nt6e_0_mask.png,1
1b8r7b/c94xgw2_0.png,1b8r7b/c94xgw2_0_mask.png,1
1b8r7b/c94onxp_0.png,1b8r7b/c94onxp_0_mask.png,1
1b8r7b/c94psxr_0.png,1b8r7b/c94psxr_0_mask.png,1
1b8r7b/c94ovkm_0.png,1b8r7b/c94ovkm_0_mask.png,1
1b8r7b/c94nvm9_0.png,1b8r7b/c94nvm9_0_mask.png,1
1b8r7b/c94obyg_0.png,1b8r7b/c94obyg_0_mask.png,1
1b8r7b/c94ouih_0.png,1b8r7b/c94ouih_0_mask.png,1
1b8r7b/c94t7en_0.png,1b8r7b/c94t7en_0_mask.png,1
1b8r7b/c94ol6h_0.png,1b8r7b/c94ol6h_0_mask.png,1
1b8r7b/c94rqra_0.png,1b8r7b/c94rqra_0_mask.png,1
1b8r7b/c94waqq_0.png,1b8r7b/c94waqq_0_mask.png,1
1b8r7b/c94psva_0.png,1b8r7b/c94psva_0_mask.png,1
1b8r7b/c94ov3d_0.png,1b8r7b/c94ov3d_0_mask.png,1
1b8r7b/c94s1ue_0.png,1b8r7b/c94s1ue_0_mask.png,1
1b8r7b/c94otp8_0.png,1b8r7b/c94otp8_0_mask.png,1
1b8r7b/c94o928_0.png,1b8r7b/c94o928_0_mask.png,1
1b8r7b/c94oyfj_0.png,1b8r7b/c94oyfj_0_mask.png,1
1b8r7b/c94og9i_0.png,1b8r7b/c94og9i_0_mask.png,1
1b8r7b/c94scmh_0.png,1b8r7b/c94scmh_0_mask.png,1
1b8r7b/c94soye_0.png,1b8r7b/c94soye_0_mask.png,1
1b8r7b/c94vd78_0.png,1b8r7b/c94vd78_0_mask.png,1
1b8r7b/c94pe6g_0.png,1b8r7b/c94pe6g_0_mask.png,1
1b8r7b/c94os8l_0.png,1b8r7b/c94os8l_0_mask.png,1
1bax4h/c958erg_0.png,1bax4h/c958erg_0_mask.png,1
1bax4h/c95c3yu_0.png,1bax4h/c95c3yu_0_mask.png,1
1bax4h/c95h4kd_0.png,1bax4h/c95h4kd_0_mask.png,1
1bax4h/c95gz0y_0.png,1bax4h/c95gz0y_0_mask.png,1
1bax4h/1bax4h_orig.png,,0
1bax4h/c95iajl_0.png,1bax4h/c95iajl_0_mask.png,1
1bax4h/c958j97_0.png,1bax4h/c958j97_0_mask.png,1
1bv5l3/c9alf9o_0.png,1bv5l3/c9alf9o_0_mask.png,1
1bv5l3/c9aeqqk_0.png,1bv5l3/c9aeqqk_0_mask.png,1
1bv5l3/1bv5l3_orig.png,,0
1bv5l3/c9aen56_0.png,1bv5l3/c9aen56_0_mask.png,1
1bv5l3/c9aj3nm_0.png,1bv5l3/c9aj3nm_0_mask.png,1
1bv5l3/c9ajz8e_0.png,1bv5l3/c9ajz8e_0_mask.png,1
1bv5l3/c9agnet_0.png,1bv5l3/c9agnet_0_mask.png,1
1bv5l3/c9afm8r_0.png,1bv5l3/c9afm8r_0_mask.png,1
1b9lyb/c94vpjk_0.png,1b9lyb/c94vpjk_0_mask.png,1
1b9lyb/c94zspt_0.png,1b9lyb/c94zspt_0_mask.png,1
1b9lyb/1b9lyb_orig.png,,0
1acw36/c8wantc_0.png,1acw36/c8wantc_0_mask.png,1
1acw36/c8wbo4v_0.png,1acw36/c8wbo4v_0_mask.png,1
1acw36/1acw36_orig.png,,0
1as9ik/c90cmeo_0.png,1as9ik/c90cmeo_0_mask.png,1
1as9ik/c90cqnr_0.png,1as9ik/c90cqnr_0_mask.png,1
1as9ik/c90coip_0.png,1as9ik/c90coip_0_mask.png,1
1as9ik/1as9ik_orig.png,,0
1as9ik/c90g14e_0.png,1as9ik/c90g14e_0_mask.png,1
1as9ik/c90eken_0.png,1as9ik/c90eken_0_mask.png,1
1as9ik/c90ciwt_0.png,1as9ik/c90ciwt_0_mask.png,1
1as9ik/c90do08_0.png,1as9ik/c90do08_0_mask.png,1
1as9ik/c90dflh_0.png,1as9ik/c90dflh_0_mask.png,1
1as9ik/c90nr8m_0.png,1as9ik/c90nr8m_0_mask.png,1
1cbs6k/c9f0vmz_0.png,1cbs6k/c9f0vmz_0_mask.png,1
1cbs6k/c9f0jqs_0.png,1cbs6k/c9f0jqs_0_mask.png,1
1cbs6k/c9f13p5_0.png,1cbs6k/c9f13p5_0_mask.png,1
1cbs6k/c9f2szu_0.png,1cbs6k/c9f2szu_0_mask.png,1
1cbs6k/c9f0e67_0.png,1cbs6k/c9f0e67_0_mask.png,1
1cbs6k/c9f0la4_0.png,1cbs6k/c9f0la4_0_mask.png,1
1cbs6k/c9f38b8_0.png,1cbs6k/c9f38b8_0_mask.png,1
1cbs6k/c9f517t_0.png,1cbs6k/c9f517t_0_mask.png,1
1cbs6k/c9f0r3h_0.png,1cbs6k/c9f0r3h_0_mask.png,1
1cbs6k/1cbs6k_orig.png,,0
1cbs6k/c9f1h60_0.png,1cbs6k/c9f1h60_0_mask.png,1
1c4q11/1c4q11_orig.png,,0
1c4q11/c9d0vu3_0.png,1c4q11/c9d0vu3_0_mask.png,1
1bj1te/c976lta_0.png,1bj1te/c976lta_0_mask.png,1
1bj1te/c979ed6_0.png,1bj1te/c979ed6_0_mask.png,1
1bj1te/1bj1te_orig.png,,0
1bj1te/c979s43_0.png,1bj1te/c979s43_0_mask.png,1
1bj1te/c979h5q_0.png,1bj1te/c979h5q_0_mask.png,1
1b7ua0/c94l7xc_0.png,1b7ua0/c94l7xc_0_mask.png,1
1b7ua0/c94kqhs_0.png,1b7ua0/c94kqhs_0_mask.png,1
1b7ua0/c94gj9u_0.png,1b7ua0/c94gj9u_0_mask.png,1
1b7ua0/c94frqx_0.png,1b7ua0/c94frqx_0_mask.png,1
1b7ua0/c94fusp_0.png,1b7ua0/c94fusp_0_mask.png,1
1b7ua0/c94fett_0.png,1b7ua0/c94fett_0_mask.png,1
1b7ua0/c94f1jd_0.png,1b7ua0/c94f1jd_0_mask.png,1
1b7ua0/1b7ua0_orig.png,,0
1b7ua0/c94m47r_0.png,1b7ua0/c94m47r_0_mask.png,1
1b7ua0/c94ejp7_0.png,1b7ua0/c94ejp7_0_mask.png,1
1a8jd2/c8v2pbm_0.png,1a8jd2/c8v2pbm_0_mask.png,1
1a8jd2/c8v5c8j_0.png,1a8jd2/c8v5c8j_0_mask.png,1
1a8jd2/c8v2xno_0.png,1a8jd2/c8v2xno_0_mask.png,1
1a8jd2/1a8jd2_orig.png,,0
1azovt/c92dxhr_0.png,1azovt/c92dxhr_0_mask.png,1
1azovt/1azovt_orig.png,,0
1azovt/c92ansy_0.png,1azovt/c92ansy_0_mask.png,1
1cdwa7/1cdwa7_orig.png,,0
1cdwa7/c9fqiqn_0.png,1cdwa7/c9fqiqn_0_mask.png,1
1cdwa7/c9fn5j8_0.png,1cdwa7/c9fn5j8_0_mask.png,1
1cdwa7/c9fmhir_0.png,1cdwa7/c9fmhir_0_mask.png,1
1cdwa7/c9fprtk_0.png,1cdwa7/c9fprtk_0_mask.png,1
1a6upj/c8uopdm_0.png,1a6upj/c8uopdm_0_mask.png,1
1a6upj/1a6upj_orig.png,,0
1a6upj/c8umnyd_0.png,1a6upj/c8umnyd_0_mask.png,1
1al0z1/1al0z1_orig.png,,0
1al0z1/c8yhi3a_0.png,1al0z1/c8yhi3a_0_mask.png,1
1al0z1/c8yea0e_0.png,1al0z1/c8yea0e_0_mask.png,1
1af7t4/c8wwrie_0.png,1af7t4/c8wwrie_0_mask.png,1
1af7t4/c8wziyg_0.png,1af7t4/c8wziyg_0_mask.png,1
1af7t4/c8wvegs_0.png,1af7t4/c8wvegs_0_mask.png,1
1af7t4/c8wwgw2_0.png,1af7t4/c8wwgw2_0_mask.png,1
1af7t4/1af7t4_orig.png,,0
1af7t4/c8wx8en_0.png,1af7t4/c8wx8en_0_mask.png,1
1af7t4/c8wz8qw_0.png,1af7t4/c8wz8qw_0_mask.png,1
1btpfr/c9a43jm_0.png,1btpfr/c9a43jm_0_mask.png,1
1btpfr/c9a0ogm_0.png,1btpfr/c9a0ogm_0_mask.png,1
1btpfr/c9a3qjw_0.png,1btpfr/c9a3qjw_0_mask.png,1
1btpfr/c9a6u1u_0.png,1btpfr/c9a6u1u_0_mask.png,1
1btpfr/c9a00lf_0.png,1btpfr/c9a00lf_0_mask.png,1
1btpfr/c9a0df4_0.png,1btpfr/c9a0df4_0_mask.png,1
1btpfr/1btpfr_orig.png,,0
1btpfr/c9a0wf8_0.png,1btpfr/c9a0wf8_0_mask.png,1
1btpfr/c9a06ao_0.png,1btpfr/c9a06ao_0_mask.png,1
1btpfr/c99zuvu_0.png,1btpfr/c99zuvu_0_mask.png,1
1btpfr/c9a2q02_0.png,1btpfr/c9a2q02_0_mask.png,1
1btpfr/c9a16se_0.png,1btpfr/c9a16se_0_mask.png,1
1btpfr/c9a13b5_0.png,1btpfr/c9a13b5_0_mask.png,1
1btpfr/c9a0vxj_0.png,1btpfr/c9a0vxj_0_mask.png,1
1btpfr/c9a0u7u_0.png,1btpfr/c9a0u7u_0_mask.png,1
1btpfr/c99zfgf_0.png,1btpfr/c99zfgf_0_mask.png,1
1azhe4/c92hsr5_0.png,1azhe4/c92hsr5_0_mask.png,1
1azhe4/c92gt3h_0.png,1azhe4/c92gt3h_0_mask.png,1
1azhe4/c92glob_0.png,1azhe4/c92glob_0_mask.png,1
1azhe4/c92m6qm_0.png,1azhe4/c92m6qm_0_mask.png,1
1azhe4/1azhe4_orig.png,,0
1azhe4/c928p9k_0.png,1azhe4/c928p9k_0_mask.png,1
1azhe4/c92dy1z_0.png,1azhe4/c92dy1z_0_mask.png,1
1azhe4/c92dfhw_0.png,1azhe4/c92dfhw_0_mask.png,1
